ms;heartrate;BPM;hart
104000;516;85;516
104002;519;85;519
104004;518;85;518
104006;518;85;518
104008;517;85;517
104010;518;85;518
104012;514;85;514
104014;514;85;514
104016;513;85;513
104018;513;85;513
104020;514;85;514
104022;512;85;512
104024;508;85;508
104026;510;85;510
104028;510;85;510
104030;509;85;509
104032;508;85;508
104034;508;85;508
104036;509;85;509
104038;509;85;509
104040;506;85;506
104042;506;85;506
104044;506;85;506
104046;504;85;504
104048;505;85;505
104050;506;85;506
104052;508;85;508
104054;506;85;506
104056;509;85;509
104058;509;85;509
104060;507;85;507
104062;507;85;507
104064;509;85;509
104066;509;85;509
104068;507;85;507
104070;508;85;508
104072;508;85;508
104074;510;85;510
104076;508;85;508
104078;510;85;510
104080;509;85;509
104082;509;85;509
104084;508;85;508
104086;511;85;511
104088;511;85;511
104090;511;85;511
104092;510;85;510
104094;513;85;513
104096;512;85;512
104098;516;85;516
104100;514;85;514
104102;513;85;513
104104;514;85;514
104106;513;85;513
104108;507;85;507
104110;513;85;513
104112;513;85;513
104114;514;85;514
104116;513;85;513
104118;513;85;513
104120;513;85;513
104122;514;85;514
104124;514;85;514
104126;515;85;515
104128;513;85;513
104130;513;85;513
104132;514;85;514
104134;515;85;515
104136;516;85;516
104138;516;85;516
104140;515;85;515
104142;515;85;515
104144;516;85;516
104146;515;85;515
104148;513;85;513
104150;515;85;515
104152;516;85;516
104154;517;85;517
104156;515;85;515
104158;514;85;514
104160;515;85;515
104162;514;85;514
104164;513;85;513
104166;516;85;516
104168;514;85;514
104170;513;85;513
104172;513;85;513
104174;516;85;516
104176;515;85;515
104178;515;85;515
104180;515;85;515
104182;512;85;512
104184;515;85;515
104186;514;85;514
104188;514;85;514
104190;513;85;513
104192;514;85;514
104194;511;85;511
104196;513;85;513
104198;513;85;513
104200;515;85;515
104202;513;85;513
104204;512;85;512
104206;514;85;514
104208;513;85;513
104210;513;85;513
104212;514;85;514
104214;515;85;515
104216;514;85;514
104218;515;85;515
104220;514;85;514
104222;514;85;514
104224;513;85;513
104226;513;85;513
104228;515;85;515
104230;516;85;516
104232;515;85;515
104234;514;85;514
104236;515;85;515
104238;514;85;514
104240;515;85;515
104242;515;85;515
104244;513;85;513
104246;514;85;514
104248;515;85;515
104250;514;85;514
104252;515;85;515
104254;515;85;515
104256;515;85;515
104258;516;85;516
104260;515;85;515
104262;515;85;515
104264;505;85;505
104266;515;85;515
104268;514;85;514
104270;514;85;514
104272;515;85;515
104274;513;85;513
104276;517;85;517
104278;519;85;519
104280;519;85;519
104282;520;85;520
104284;506;85;506
104286;523;85;523
104288;523;85;523
104290;525;85;525
104292;523;85;523
104294;524;85;524
104296;524;85;524
104298;523;85;523
104300;524;85;524
104302;524;85;524
104304;523;85;523
104306;513;85;513
104308;524;85;524
104310;523;85;523
104312;523;85;523
104314;525;85;525
104316;525;85;525
104318;525;85;525
104320;522;85;522
104322;521;85;521
104324;521;85;521
104326;520;85;520
104328;519;85;519
104330;516;85;516
104332;517;85;517
104334;519;85;519
104336;521;85;521
104338;520;85;520
104340;519;85;519
104342;517;85;517
104344;519;85;519
104346;517;85;517
104348;515;85;515
104350;514;85;514
104352;514;85;514
104354;513;85;513
104356;511;85;511
104358;509;85;509
104360;508;85;508
104362;509;85;509
104364;508;85;508
104366;508;85;508
104368;507;85;507
104370;491;85;491
104372;508;85;508
104374;509;85;509
104376;512;85;512
104378;511;85;511
104380;511;85;511
104382;509;85;509
104384;508;85;508
104386;509;85;509
104388;511;85;511
104390;511;85;511
104392;503;85;503
104394;510;85;510
104396;512;85;512
104398;511;85;511
104400;515;85;515
104402;515;85;515
104404;512;85;512
104406;512;85;512
104408;513;85;513
104410;510;85;510
104412;511;85;511
104414;515;85;515
104416;519;85;519
104418;520;85;520
104420;526;85;526
104422;536;85;536
104424;545;85;545
104426;555;86;555
104428;570;86;570
104430;575;86;575
104432;588;86;588
104434;595;86;595
104436;600;86;600
104438;600;86;600
104440;600;86;600
104442;595;86;595
104444;585;86;585
104446;575;86;575
104448;567;86;567
104450;544;86;544
104452;513;86;513
104454;476;86;476
104456;445;86;445
104458;426;86;426
104460;417;86;417
104462;420;86;420
104464;429;86;429
104466;438;86;438
104468;457;86;457
104470;471;86;471
104472;484;86;484
104474;492;86;492
104476;499;86;499
104478;505;86;505
104480;510;86;510
104482;508;86;508
104484;494;86;494
104486;512;86;512
104488;512;86;512
104490;514;86;514
104492;513;86;513
104494;516;86;516
104496;514;86;514
104498;516;86;516
104500;514;86;514
104502;516;86;516
104504;517;86;517
104506;516;86;516
104508;515;86;515
104510;514;86;514
104512;514;86;514
104514;516;86;516
104516;518;86;518
104518;518;86;518
104520;517;86;517
104522;519;86;519
104524;517;86;517
104526;519;86;519
104528;519;86;519
104530;518;86;518
104532;522;86;522
104534;518;86;518
104536;519;86;519
104538;520;86;520
104540;520;86;520
104542;520;86;520
104544;505;86;505
104546;521;86;521
104548;521;86;521
104550;515;86;515
104552;521;86;521
104554;523;86;523
104556;523;86;523
104558;524;86;524
104560;524;86;524
104562;525;86;525
104564;524;86;524
104566;511;86;511
104568;524;86;524
104570;525;86;525
104572;524;86;524
104574;524;86;524
104576;526;86;526
104578;528;86;528
104580;525;86;525
104582;526;86;526
104584;525;86;525
104586;526;86;526
104588;528;86;528
104590;527;86;527
104592;527;86;527
104594;529;86;529
104596;531;86;531
104598;532;86;532
104600;532;86;532
104602;533;86;533
104604;533;86;533
104606;534;86;534
104608;535;86;535
104610;535;86;535
104612;534;86;534
104614;537;86;537
104616;536;86;536
104618;537;86;537
104620;538;86;538
104622;538;86;538
104624;538;86;538
104626;536;86;536
104628;535;86;535
104630;536;86;536
104632;538;86;538
104634;538;86;538
104636;537;86;537
104638;537;86;537
104640;537;86;537
104642;537;86;537
104644;533;86;533
104646;533;86;533
104648;532;86;532
104650;525;86;525
104652;533;86;533
104654;533;86;533
104656;530;86;530
104658;532;86;532
104660;530;86;530
104662;529;86;529
104664;527;86;527
104666;526;86;526
104668;526;86;526
104670;524;86;524
104672;525;86;525
104674;524;86;524
104676;524;86;524
104678;521;86;521
104680;523;86;523
104682;523;86;523
104684;521;86;521
104686;519;86;519
104688;518;86;518
104690;519;86;519
104692;518;86;518
104694;519;86;519
104696;518;86;518
104698;515;86;515
104700;516;86;516
104702;513;86;513
104704;511;86;511
104706;511;86;511
104708;511;86;511
104710;513;86;513
104712;510;86;510
104714;509;86;509
104716;510;86;510
104718;510;86;510
104720;508;86;508
104722;506;86;506
104724;507;86;507
104726;506;86;506
104728;506;86;506
104730;506;86;506
104732;503;86;503
104734;504;86;504
104736;508;86;508
104738;506;86;506
104740;509;86;509
104742;506;86;506
104744;506;86;506
104746;505;86;505
104748;507;86;507
104750;506;86;506
104752;506;86;506
104754;498;86;498
104756;507;86;507
104758;507;86;507
104760;509;86;509
104762;510;86;510
104764;511;86;511
104766;511;86;511
104768;511;86;511
104770;509;86;509
104772;510;86;510
104774;512;86;512
104776;510;86;510
104778;512;86;512
104780;511;86;511
104782;513;86;513
104784;512;86;512
104786;514;86;514
104788;514;86;514
104790;512;86;512
104792;514;86;514
104794;516;86;516
104796;516;86;516
104798;514;86;514
104800;515;86;515
104802;500;86;500
104804;515;86;515
104806;515;86;515
104808;516;86;516
104810;516;86;516
104812;515;86;515
104814;514;86;514
104816;515;86;515
104818;517;86;517
104820;515;86;515
104822;508;86;508
104824;514;86;514
104826;515;86;515
104828;517;86;517
104830;517;86;517
104832;515;86;515
104834;515;86;515
104836;515;86;515
104838;516;86;516
104840;515;86;515
104842;513;86;513
104844;515;86;515
104846;514;86;514
104848;511;86;511
104850;515;86;515
104852;516;86;516
104854;514;86;514
104856;516;86;516
104858;516;86;516
104860;515;86;515
104862;515;86;515
104864;516;86;516
104866;514;86;514
104868;513;86;513
104870;514;86;514
104872;515;86;515
104874;515;86;515
104876;515;86;515
104878;516;86;516
104880;515;86;515
104882;500;86;500
104884;513;86;513
104886;511;86;511
104888;515;86;515
104890;513;86;513
104892;513;86;513
104894;510;86;510
104896;515;86;515
104898;516;86;516
104900;515;86;515
104902;503;86;503
104904;515;86;515
104906;515;86;515
104908;515;86;515
104910;513;86;513
104912;508;86;508
104914;514;86;514
104916;511;86;511
104918;514;86;514
104920;514;86;514
104922;515;86;515
104924;513;86;513
104926;511;86;511
104928;513;86;513
104930;514;86;514
104932;515;86;515
104934;515;86;515
104936;515;86;515
104938;515;86;515
104940;516;86;516
104942;516;86;516
104944;515;86;515
104946;516;86;516
104948;513;86;513
104950;513;86;513
104952;514;86;514
104954;515;86;515
104956;516;86;516
104958;518;86;518
104960;518;86;518
104962;517;86;517
104964;519;86;519
104966;499;86;499
104968;519;86;519
104970;521;86;521
104972;518;86;518
104974;522;86;522
104976;523;86;523
104978;525;86;525
104980;525;86;525
104982;524;86;524
104984;524;86;524
104986;523;86;523
104988;525;86;525
104990;523;86;523
104992;524;86;524
104994;524;86;524
104996;525;86;525
104998;524;86;524
105000;525;86;525
105002;525;86;525
105004;525;86;525
105006;524;86;524
105008;522;86;522
105010;521;86;521
105012;521;86;521
105014;522;86;522
105016;520;86;520
105018;520;86;520
105020;518;86;518
105022;520;86;520
105024;519;86;519
105026;517;86;517
105028;519;86;519
105030;521;86;521
105032;518;86;518
105034;516;86;516
105036;516;86;516
105038;514;86;514
105040;511;86;511
105042;512;86;512
105044;511;86;511
105046;511;86;511
105048;509;86;509
105050;508;86;508
105052;510;86;510
105054;490;86;490
105056;508;86;508
105058;508;86;508
105060;509;86;509
105062;509;86;509
105064;508;86;508
105066;506;86;506
105068;507;86;507
105070;509;86;509
105072;511;86;511
105074;510;86;510
105076;510;86;510
105078;511;86;511
105080;496;86;496
105082;511;86;511
105084;514;86;514
105086;511;86;511
105088;514;86;514
105090;512;86;512
105092;512;86;512
105094;512;86;512
105096;512;86;512
105098;513;86;513
105100;513;86;513
105102;513;86;513
105104;516;86;516
105106;518;86;518
105108;522;86;522
105110;527;86;527
105112;543;86;543
105114;554;86;554
105116;569;86;569
105118;583;86;583
105120;592;86;592
105122;603;86;603
105124;605;86;605
105126;608;86;608
105128;607;86;607
105130;604;86;604
105132;595;86;595
105134;586;86;586
105136;579;86;579
105138;561;86;561
105140;531;86;531
105142;493;86;493
105144;438;86;438
105146;431;86;431
105148;418;86;418
105150;415;86;415
105152;417;86;417
105154;434;86;434
105156;447;86;447
105158;467;86;467
105160;480;86;480
105162;491;86;491
105164;495;86;495
105166;499;86;499
105168;502;86;502
105170;506;86;506
105172;508;86;508
105174;511;86;511
105176;512;86;512
105178;509;86;509
105180;512;86;512
105182;510;86;510
105184;512;86;512
105186;512;86;512
105188;512;86;512
105190;511;86;511
105192;512;86;512
105194;512;86;512
105196;515;86;515
105198;514;86;514
105200;515;86;515
105202;517;86;517
105204;516;86;516
105206;516;86;516
105208;517;86;517
105210;515;86;515
105212;516;86;516
105214;501;86;501
105216;517;86;517
105218;517;86;517
105220;517;86;517
105222;518;86;518
105224;519;86;519
105226;518;86;518
105228;512;86;512
105230;518;86;518
105232;518;86;518
105234;521;86;521
105236;518;86;518
105238;522;86;522
105240;522;86;522
105242;523;86;523
105244;521;86;521
105246;523;86;523
105248;522;86;522
105250;522;86;522
105252;522;86;522
105254;523;86;523
105256;522;86;522
105258;525;86;525
105260;524;86;524
105262;525;86;525
105264;523;86;523
105266;525;86;525
105268;523;86;523
105270;526;86;526
105272;526;86;526
105274;527;86;527
105276;529;86;529
105278;529;86;529
105280;529;86;529
105282;530;86;530
105284;531;86;531
105286;532;86;532
105288;531;86;531
105290;531;86;531
105292;531;86;531
105294;532;86;532
105296;534;86;534
105298;534;86;534
105300;534;86;534
105302;534;86;534
105304;535;86;535
105306;534;86;534
105308;535;86;535
105310;534;86;534
105312;537;86;537
105314;535;86;535
105316;536;86;536
105318;536;86;536
105320;536;86;536
105322;537;86;537
105324;537;86;537
105326;534;86;534
105328;534;86;534
105330;534;86;534
105332;521;86;521
105334;532;86;532
105336;534;86;534
105338;533;86;533
105340;534;86;534
105342;534;86;534
105344;533;86;533
105346;531;86;531
105348;531;86;531
105350;531;86;531
105352;529;86;529
105354;530;86;530
105356;529;86;529
105358;528;86;528
105360;525;86;525
105362;526;86;526
105364;523;86;523
105366;523;86;523
105368;523;86;523
105370;520;86;520
105372;519;86;519
105374;520;86;520
105376;520;86;520
105378;520;86;520
105380;520;86;520
105382;516;86;516
105384;517;86;517
105386;516;86;516
105388;514;86;514
105390;517;86;517
105392;516;86;516
105394;514;86;514
105396;511;86;511
105398;512;86;512
105400;495;86;495
105402;511;86;511
105404;511;86;511
105406;509;86;509
105408;509;86;509
105410;508;86;508
105412;509;86;509
105414;507;86;507
105416;507;86;507
105418;506;86;506
105420;506;86;506
105422;504;86;504
105424;506;86;506
105426;504;86;504
105428;505;86;505
105430;505;86;505
105432;507;86;507
105434;505;86;505
105436;505;86;505
105438;508;86;508
105440;509;86;509
105442;509;86;509
105444;508;86;508
105446;507;86;507
105448;507;86;507
105450;509;86;509
105452;509;86;509
105454;510;86;510
105456;511;86;511
105458;509;86;509
105460;511;86;511
105462;510;86;510
105464;509;86;509
105466;511;86;511
105468;511;86;511
105470;512;86;512
105472;511;86;511
105474;514;86;514
105476;512;86;512
105478;514;86;514
105480;513;86;513
105482;496;86;496
105484;513;86;513
105486;514;86;514
105488;514;86;514
105490;514;86;514
105492;514;86;514
105494;515;86;515
105496;515;86;515
105498;515;86;515
105500;516;86;516
105502;505;86;505
105504;514;86;514
105506;515;86;515
105508;515;86;515
105510;516;86;516
105512;515;86;515
105514;516;86;516
105516;513;86;513
105518;517;86;517
105520;516;86;516
105522;517;86;517
105524;516;86;516
105526;517;86;517
105528;518;86;518
105530;516;86;516
105532;515;86;515
105534;510;86;510
105536;515;86;515
105538;513;86;513
105540;514;86;514
105542;514;86;514
105544;513;86;513
105546;516;86;516
105548;514;86;514
105550;515;86;515
105552;514;86;514
105554;514;86;514
105556;514;86;514
105558;516;86;516
105560;515;86;515
105562;517;86;517
105564;511;86;511
105566;511;86;511
105568;515;86;515
105570;513;86;513
105572;514;86;514
105574;512;86;512
105576;515;86;515
105578;516;86;516
105580;515;86;515
105582;515;86;515
105584;515;86;515
105586;515;86;515
105588;513;86;513
105590;513;86;513
105592;514;86;514
105594;515;86;515
105596;504;86;504
105598;514;86;514
105600;515;86;515
105602;514;86;514
105604;516;86;516
105606;514;86;514
105608;515;86;515
105610;515;86;515
105612;515;86;515
105614;514;86;514
105616;516;86;516
105618;515;86;515
105620;516;86;516
105622;516;86;516
105624;517;86;517
105626;516;86;516
105628;516;86;516
105630;516;86;516
105632;515;86;515
105634;514;86;514
105636;511;86;511
105638;517;86;517
105640;517;86;517
105642;515;86;515
105644;518;86;518
105646;517;86;517
105648;517;86;517
105650;518;86;518
105652;518;86;518
105654;508;86;508
105656;519;86;519
105658;522;86;522
105660;522;86;522
105662;523;86;523
105664;522;86;522
105666;523;86;523
105668;524;86;524
105670;523;86;523
105672;525;86;525
105674;520;86;520
105676;524;86;524
105678;524;86;524
105680;525;86;525
105682;526;86;526
105684;524;86;524
105686;525;86;525
105688;525;86;525
105690;525;86;525
105692;525;86;525
105694;525;86;525
105696;515;86;515
105698;523;86;523
105700;519;86;519
105702;520;86;520
105704;519;86;519
105706;520;86;520
105708;519;86;519
105710;519;86;519
105712;517;86;517
105714;519;86;519
105716;519;86;519
105718;521;86;521
105720;517;86;517
105722;516;86;516
105724;516;86;516
105726;513;86;513
105728;512;86;512
105730;513;86;513
105732;510;86;510
105734;510;86;510
105736;509;86;509
105738;509;86;509
105740;509;86;509
105742;511;86;511
105744;510;86;510
105746;511;86;511
105748;509;86;509
105750;506;86;506
105752;509;86;509
105754;508;86;508
105756;503;86;503
105758;509;86;509
105760;510;86;510
105762;510;86;510
105764;510;86;510
105766;511;86;511
105768;510;86;510
105770;512;86;512
105772;511;86;511
105774;509;86;509
105776;513;86;513
105778;512;86;512
105780;505;86;505
105782;511;86;511
105784;511;86;511
105786;510;86;510
105788;510;86;510
105790;512;86;512
105792;515;86;515
105794;518;86;518
105796;524;86;524
105798;535;86;535
105800;547;86;547
105802;560;86;560
105804;574;86;574
105806;585;86;585
105808;599;86;599
105810;605;86;605
105812;610;86;610
105814;613;86;613
105816;613;86;613
105818;608;86;608
105820;596;86;596
105822;590;86;590
105824;577;86;577
105826;554;86;554
105828;515;86;515
105830;475;86;475
105832;445;86;445
105834;426;86;426
105836;414;86;414
105838;420;86;420
105840;429;86;429
105842;440;86;440
105844;457;86;457
105846;472;86;472
105848;483;86;483
105850;489;86;489
105852;497;86;497
105854;500;86;500
105856;501;86;501
105858;505;86;505
105860;494;86;494
105862;505;86;505
105864;508;86;508
105866;508;86;508
105868;510;86;510
105870;510;86;510
105872;508;86;508
105874;510;86;510
105876;512;86;512
105878;513;86;513
105880;513;86;513
105882;513;86;513
105884;513;86;513
105886;515;86;515
105888;514;86;514
105890;517;86;517
105892;516;86;516
105894;515;86;515
105896;510;86;510
105898;517;86;517
105900;516;86;516
105902;514;86;514
105904;503;86;503
105906;516;86;516
105908;515;86;515
105910;517;86;517
105912;517;86;517
105914;518;86;518
105916;519;86;519
105918;513;86;513
105920;520;86;520
105922;521;86;521
105924;519;86;519
105926;520;86;520
105928;518;86;518
105930;520;86;520
105932;521;86;521
105934;521;86;521
105936;521;86;521
105938;523;86;523
105940;523;86;523
105942;523;86;523
105944;522;86;522
105946;523;86;523
105948;524;86;524
105950;525;86;525
105952;525;86;525
105954;524;86;524
105956;525;86;525
105958;526;86;526
105960;528;86;528
105962;526;86;526
105964;527;86;527
105966;528;86;528
105968;528;86;528
105970;528;86;528
105972;530;86;530
105974;532;86;532
105976;532;86;532
105978;531;86;531
105980;532;86;532
105982;534;86;534
105984;526;86;526
105986;533;86;533
105988;533;86;533
105990;532;86;532
105992;535;86;535
105994;536;86;536
105996;536;86;536
105998;536;86;536
106000;538;86;538
106002;537;86;537
106004;535;86;535
106006;537;86;537
106008;534;86;534
106010;537;86;537
106012;535;86;535
106014;533;86;533
106016;532;86;532
106018;535;86;535
106020;532;86;532
106022;534;86;534
106024;533;86;533
106026;533;86;533
106028;531;86;531
106030;531;86;531
106032;531;86;531
106034;530;86;530
106036;527;86;527
106038;529;86;529
106040;528;86;528
106042;527;86;527
106044;527;86;527
106046;524;86;524
106048;527;86;527
106050;525;86;525
106052;524;86;524
106054;524;86;524
106056;524;86;524
106058;523;86;523
106060;522;86;522
106062;520;86;520
106064;520;86;520
106066;519;86;519
106068;517;86;517
106070;502;86;502
106072;517;86;517
106074;517;86;517
106076;514;86;514
106078;515;86;515
106080;515;86;515
106082;513;86;513
106084;513;86;513
106086;511;86;511
106088;511;86;511
106090;499;86;499
106092;507;86;507
106094;509;86;509
106096;510;86;510
106098;509;86;509
106100;510;86;510
106102;507;86;507
106104;507;86;507
106106;507;86;507
106108;501;86;501
106110;505;86;505
106112;506;86;506
106114;507;86;507
106116;508;86;508
106118;508;86;508
106120;509;86;509
106122;508;86;508
106124;507;86;507
106126;506;86;506
106128;508;86;508
106130;507;86;507
106132;509;86;509
106134;508;86;508
106136;509;86;509
106138;510;86;510
106140;510;86;510
106142;510;86;510
106144;509;86;509
106146;510;86;510
106148;510;86;510
106150;509;86;509
106152;512;86;512
106154;499;86;499
106156;513;86;513
106158;512;86;512
106160;514;86;514
106162;512;86;512
106164;513;86;513
106166;513;86;513
106168;512;86;512
106170;514;86;514
106172;514;86;514
106174;513;86;513
106176;502;86;502
106178;511;86;511
106180;513;86;513
106182;514;86;514
106184;513;86;513
106186;514;86;514
106188;513;86;513
106190;513;86;513
106192;511;86;511
106194;515;86;515
106196;514;86;514
106198;517;86;517
106200;517;86;517
106202;516;86;516
106204;514;86;514
106206;515;86;515
106208;516;86;516
106210;515;86;515
106212;516;86;516
106214;516;86;516
106216;514;86;514
106218;515;86;515
106220;515;86;515
106222;514;86;514
106224;515;86;515
106226;512;86;512
106228;514;86;514
106230;514;86;514
106232;514;86;514
106234;515;86;515
106236;514;86;514
106238;513;86;513
106240;515;86;515
106242;515;86;515
106244;515;86;515
106246;515;86;515
106248;513;86;513
106250;516;86;516
106252;514;86;514
106254;514;86;514
106256;511;86;511
106258;514;86;514
106260;515;86;515
106262;515;86;515
106264;515;86;515
106266;513;86;513
106268;515;86;515
106270;514;86;514
106272;514;86;514
106274;513;86;513
106276;514;86;514
106278;515;86;515
106280;514;86;514
106282;514;86;514
106284;516;86;516
106286;514;86;514
106288;516;86;516
106290;514;86;514
106292;516;86;516
106294;513;86;513
106296;512;86;512
106298;513;86;513
106300;515;86;515
106302;510;86;510
106304;513;86;513
106306;515;86;515
106308;503;86;503
106310;516;86;516
106312;516;86;516
106314;517;86;517
106316;516;86;516
106318;516;86;516
106320;517;86;517
106322;516;86;516
106324;517;86;517
106326;517;86;517
106328;518;86;518
106330;515;86;515
106332;515;86;515
106334;516;86;516
106336;516;86;516
106338;518;86;518
106340;513;86;513
106342;519;86;519
106344;519;86;519
106346;518;86;518
106348;520;86;520
106350;521;86;521
106352;522;86;522
106354;524;86;524
106356;524;86;524
106358;525;86;525
106360;526;86;526
106362;526;86;526
106364;526;86;526
106366;524;86;524
106368;523;86;523
106370;524;86;524
106372;522;86;522
106374;524;86;524
106376;525;86;525
106378;526;86;526
106380;527;86;527
106382;526;86;526
106384;524;86;524
106386;523;86;523
106388;521;86;521
106390;521;86;521
106392;519;86;519
106394;519;86;519
106396;519;86;519
106398;518;86;518
106400;517;86;517
106402;520;86;520
106404;520;86;520
106406;521;86;521
106408;519;86;519
106410;518;86;518
106412;517;86;517
106414;516;86;516
106416;513;86;513
106418;512;86;512
106420;512;86;512
106422;512;86;512
106424;511;86;511
106426;510;86;510
106428;509;86;509
106430;508;86;508
106432;508;86;508
106434;509;86;509
106436;510;86;510
106438;510;86;510
106440;508;86;508
106442;510;86;510
106444;509;86;509
106446;509;86;509
106448;509;86;509
106450;509;86;509
106452;509;86;509
106454;510;86;510
106456;510;86;510
106458;513;86;513
106460;511;86;511
106462;511;86;511
106464;512;86;512
106466;513;86;513
106468;500;86;500
106470;510;86;510
106472;510;86;510
106474;510;86;510
106476;510;86;510
106478;512;86;512
106480;514;86;514
106482;517;86;517
106484;518;86;518
106486;523;86;523
106488;532;86;532
106490;545;86;545
106492;558;86;558
106494;573;86;573
106496;582;86;582
106498;595;86;595
106500;604;86;604
106502;612;86;612
106504;613;86;613
106506;613;86;613
106508;608;86;608
106510;599;86;599
106512;590;86;590
106514;576;86;576
106516;554;86;554
106518;517;86;517
106520;475;86;475
106522;445;86;445
106524;422;86;422
106526;414;86;414
106528;416;86;416
106530;424;86;424
106532;439;86;439
106534;454;86;454
106536;470;86;470
106538;484;86;484
106540;491;86;491
106542;494;86;494
106544;499;86;499
106546;504;86;504
106548;507;86;507
106550;508;86;508
106552;510;86;510
106554;510;86;510
106556;510;86;510
106558;511;86;511
106560;510;86;510
106562;511;86;511
106564;512;86;512
106566;513;86;513
106568;514;86;514
106570;514;86;514
106572;513;86;513
106574;513;86;513
106576;513;86;513
106578;514;86;514
106580;515;86;515
106582;516;86;516
106584;516;86;516
106586;515;86;515
106588;515;86;515
106590;511;86;511
106592;515;86;515
106594;512;86;512
106596;508;86;508
106598;517;86;517
106600;515;86;515
106602;515;86;515
106604;509;86;509
106606;518;86;518
106608;514;86;514
106610;518;86;518
106612;508;86;508
106614;512;86;512
106616;514;86;514
106618;515;86;515
106620;519;86;519
106622;518;86;518
106624;520;86;520
106626;511;86;511
106628;519;86;519
106630;520;86;520
106632;520;86;520
106634;522;86;522
106636;524;86;524
106638;521;86;521
106640;527;86;527
106642;509;86;509
106644;526;86;526
106646;526;86;526
106648;527;86;527
106650;528;86;528
106652;529;86;529
106654;528;86;528
106656;529;86;529
106658;532;86;532
106660;532;86;532
106662;533;86;533
106664;533;86;533
106666;534;86;534
106668;533;86;533
106670;531;86;531
106672;534;86;534
106674;534;86;534
106676;535;86;535
106678;534;86;534
106680;535;86;535
106682;529;86;529
106684;535;86;535
106686;533;86;533
106688;521;86;521
106690;535;86;535
106692;533;86;533
106694;537;86;537
106696;537;86;537
106698;535;86;535
106700;537;86;537
106702;536;86;536
106704;535;86;535
106706;533;86;533
106708;534;86;534
106710;533;86;533
106712;535;86;535
106714;535;86;535
106716;535;86;535
106718;533;86;533
106720;531;86;531
106722;531;86;531
106724;529;86;529
106726;530;86;530
106728;530;86;530
106730;530;86;530
106732;527;86;527
106734;527;86;527
106736;528;86;528
106738;527;86;527
106740;519;86;519
106742;524;86;524
106744;524;86;524
106746;523;86;523
106748;523;86;523
106750;524;86;524
106752;522;86;522
106754;521;86;521
106756;521;86;521
106758;521;86;521
106760;519;86;519
106762;519;86;519
106764;518;86;518
106766;516;86;516
106768;516;86;516
106770;516;86;516
106772;515;86;515
106774;514;86;514
106776;513;86;513
106778;510;86;510
106780;512;86;512
106782;509;86;509
106784;510;86;510
106786;509;86;509
106788;509;86;509
106790;508;86;508
106792;508;86;508
106794;508;86;508
106796;505;86;505
106798;506;86;506
106800;506;86;506
106802;507;86;507
106804;507;86;507
106806;506;86;506
106808;507;86;507
106810;505;86;505
106812;505;86;505
106814;506;86;506
106816;507;86;507
106818;508;86;508
106820;507;86;507
106822;509;86;509
106824;508;86;508
106826;508;86;508
106828;508;86;508
106830;508;86;508
106832;508;86;508
106834;508;86;508
106836;511;86;511
106838;493;86;493
106840;512;86;512
106842;512;86;512
106844;513;86;513
106846;511;86;511
106848;512;86;512
106850;512;86;512
106852;506;86;506
106854;513;86;513
106856;514;86;514
106858;515;86;515
106860;514;86;514
106862;514;86;514
106864;513;86;513
106866;515;86;515
106868;513;86;513
106870;506;86;506
106872;514;86;514
106874;515;86;515
106876;515;86;515
106878;512;86;512
106880;515;86;515
106882;516;86;516
106884;504;86;504
106886;514;86;514
106888;513;86;513
106890;515;86;515
106892;516;86;516
106894;516;86;516
106896;515;86;515
106898;516;86;516
106900;516;86;516
106902;515;86;515
106904;514;86;514
106906;512;86;512
106908;515;86;515
106910;515;86;515
106912;514;86;514
106914;513;86;513
106916;513;86;513
106918;516;86;516
106920;515;86;515
106922;514;86;514
106924;514;86;514
106926;514;86;514
106928;515;86;515
106930;514;86;514
106932;516;86;516
106934;514;86;514
106936;515;86;515
106938;516;86;516
106940;515;86;515
106942;514;86;514
106944;514;86;514
106946;515;86;515
106948;514;86;514
106950;514;86;514
106952;514;86;514
106954;513;86;513
106956;515;86;515
106958;515;86;515
106960;516;86;516
106962;513;86;513
106964;514;86;514
106966;514;86;514
106968;514;86;514
106970;515;86;515
106972;514;86;514
106974;515;86;515
106976;509;86;509
106978;512;86;512
106980;510;86;510
106982;514;86;514
106984;516;86;516
106986;516;86;516
106988;514;86;514
106990;516;86;516
106992;516;86;516
106994;515;86;515
106996;513;86;513
106998;515;86;515
107000;515;86;515
107002;515;86;515
107004;514;86;514
107006;512;86;512
107008;512;86;512
107010;513;86;513
107012;513;86;513
107014;515;86;515
107016;517;86;517
107018;515;86;515
107020;515;86;515
107022;516;86;516
107024;517;86;517
107026;518;86;518
107028;518;86;518
107030;519;86;519
107032;518;86;518
107034;519;86;519
107036;521;86;521
107038;519;86;519
107040;520;86;520
107042;523;86;523
107044;524;86;524
107046;525;86;525
107048;524;86;524
107050;525;86;525
107052;522;86;522
107054;525;86;525
107056;525;86;525
107058;523;86;523
107060;523;86;523
107062;525;86;525
107064;525;86;525
107066;525;86;525
107068;524;86;524
107070;525;86;525
107072;525;86;525
107074;523;86;523
107076;520;86;520
107078;521;86;521
107080;520;86;520
107082;520;86;520
107084;519;86;519
107086;518;86;518
107088;518;86;518
107090;518;86;518
107092;520;86;520
107094;506;86;506
107096;519;86;519
107098;517;86;517
107100;516;86;516
107102;518;86;518
107104;514;86;514
107106;515;86;515
107108;514;86;514
107110;510;86;510
107112;511;86;511
107114;508;86;508
107116;512;86;512
107118;510;86;510
107120;508;86;508
107122;508;86;508
107124;510;86;510
107126;510;86;510
107128;508;86;508
107130;509;86;509
107132;508;86;508
107134;509;86;509
107136;510;86;510
107138;511;86;511
107140;511;86;511
107142;508;86;508
107144;508;86;508
107146;509;86;509
107148;510;86;510
107150;510;86;510
107152;511;86;511
107154;513;86;513
107156;513;86;513
107158;513;86;513
107160;512;86;512
107162;513;86;513
107164;513;86;513
107166;512;86;512
107168;514;86;514
107170;521;86;521
107172;520;86;520
107174;526;86;526
107176;536;86;536
107178;546;86;546
107180;559;86;559
107182;570;86;570
107184;583;86;583
107186;587;87;587
107188;593;87;593
107190;598;87;598
107192;595;87;595
107194;593;87;593
107196;587;87;587
107198;578;87;578
107200;568;87;568
107202;559;87;559
107204;539;87;539
107206;509;87;509
107208;476;87;476
107210;449;87;449
107212;422;87;422
107214;415;87;415
107216;417;87;417
107218;426;87;426
107220;436;87;436
107222;447;87;447
107224;459;87;459
107226;476;87;476
107228;486;87;486
107230;497;87;497
107232;502;87;502
107234;506;87;506
107236;512;87;512
107238;511;87;511
107240;512;87;512
107242;514;87;514
107244;514;87;514
107246;517;87;517
107248;517;87;517
107250;516;87;516
107252;516;87;516
107254;520;87;520
107256;518;87;518
107258;521;87;521
107260;522;87;522
107262;518;87;518
107264;520;87;520
107266;520;87;520
107268;518;87;518
107270;519;87;519
107272;521;87;521
107274;519;87;519
107276;521;87;521
107278;520;87;520
107280;521;87;521
107282;521;87;521
107284;520;87;520
107286;521;87;521
107288;519;87;519
107290;518;87;518
107292;502;87;502
107294;522;87;522
107296;523;87;523
107298;522;87;522
107300;520;87;520
107302;518;87;518
107304;522;87;522
107306;523;87;523
107308;522;87;522
107310;524;87;524
107312;523;87;523
107314;523;87;523
107316;524;87;524
107318;521;87;521
107320;524;87;524
107322;524;87;524
107324;513;87;513
107326;525;87;525
107328;525;87;525
107330;526;87;526
107332;527;87;527
107334;528;87;528
107336;529;87;529
107338;528;87;528
107340;529;87;529
107342;528;87;528
107344;529;87;529
107346;529;87;529
107348;531;87;531
107350;529;87;529
107352;510;87;510
107354;532;87;532
107356;533;87;533
107358;535;87;535
107360;536;87;536
107362;535;87;535
107364;535;87;535
107366;535;87;535
107368;534;87;534
107370;534;87;534
107372;537;87;537
107374;537;87;537
107376;537;87;537
107378;538;87;538
107380;538;87;538
107382;539;87;539
107384;537;87;537
107386;538;87;538
107388;536;87;536
107390;536;87;536
107392;535;87;535
107394;535;87;535
107396;535;87;535
107398;536;87;536
107400;535;87;535
107402;535;87;535
107404;534;87;534
107406;534;87;534
107408;534;87;534
107410;530;87;530
107412;530;87;530
107414;528;87;528
107416;528;87;528
107418;527;87;527
107420;528;87;528
107422;528;87;528
107424;526;87;526
107426;524;87;524
107428;521;87;521
107430;525;87;525
107432;521;87;521
107434;524;87;524
107436;523;87;523
107438;522;87;522
107440;520;87;520
107442;520;87;520
107444;518;87;518
107446;518;87;518
107448;516;87;516
107450;517;87;517
107452;517;87;517
107454;516;87;516
107456;516;87;516
107458;512;87;512
107460;514;87;514
107462;513;87;513
107464;511;87;511
107466;510;87;510
107468;510;87;510
107470;508;87;508
107472;510;87;510
107474;508;87;508
107476;507;87;507
107478;509;87;509
107480;507;87;507
107482;507;87;507
107484;508;87;508
107486;507;87;507
107488;506;87;506
107490;508;87;508
107492;507;87;507
107494;507;87;507
107496;507;87;507
107498;507;87;507
107500;508;87;508
107502;507;87;507
107504;508;87;508
107506;508;87;508
107508;508;87;508
107510;507;87;507
107512;507;87;507
107514;509;87;509
107516;509;87;509
107518;511;87;511
107520;511;87;511
107522;510;87;510
107524;509;87;509
107526;506;87;506
107528;510;87;510
107530;510;87;510
107532;512;87;512
107534;510;87;510
107536;513;87;513
107538;513;87;513
107540;513;87;513
107542;513;87;513
107544;514;87;514
107546;513;87;513
107548;513;87;513
107550;504;87;504
107552;515;87;515
107554;515;87;515
107556;515;87;515
107558;515;87;515
107560;514;87;514
107562;515;87;515
107564;514;87;514
107566;515;87;515
107568;513;87;513
107570;513;87;513
107572;515;87;515
107574;515;87;515
107576;517;87;517
107578;518;87;518
107580;515;87;515
107582;516;87;516
107584;517;87;517
107586;517;87;517
107588;518;87;518
107590;514;87;514
107592;513;87;513
107594;515;87;515
107596;515;87;515
107598;515;87;515
107600;516;87;516
107602;516;87;516
107604;515;87;515
107606;515;87;515
107608;515;87;515
107610;514;87;514
107612;515;87;515
107614;515;87;515
107616;516;87;516
107618;516;87;516
107620;513;87;513
107622;514;87;514
107624;513;87;513
107626;516;87;516
107628;514;87;514
107630;515;87;515
107632;515;87;515
107634;514;87;514
107636;514;87;514
107638;511;87;511
107640;515;87;515
107642;514;87;514
107644;515;87;515
107646;515;87;515
107648;512;87;512
107650;514;87;514
107652;513;87;513
107654;514;87;514
107656;515;87;515
107658;515;87;515
107660;510;87;510
107662;514;87;514
107664;514;87;514
107666;514;87;514
107668;514;87;514
107670;514;87;514
107672;515;87;515
107674;515;87;515
107676;516;87;516
107678;514;87;514
107680;514;87;514
107682;514;87;514
107684;515;87;515
107686;516;87;516
107688;515;87;515
107690;514;87;514
107692;515;87;515
107694;516;87;516
107696;515;87;515
107698;515;87;515
107700;515;87;515
107702;513;87;513
107704;515;87;515
107706;515;87;515
107708;515;87;515
107710;516;87;516
107712;515;87;515
107714;499;87;499
107716;515;87;515
107718;518;87;518
107720;519;87;519
107722;518;87;518
107724;519;87;519
107726;521;87;521
107728;522;87;522
107730;523;87;523
107732;523;87;523
107734;524;87;524
107736;511;87;511
107738;524;87;524
107740;527;87;527
107742;523;87;523
107744;523;87;523
107746;523;87;523
107748;524;87;524
107750;521;87;521
107752;523;87;523
107754;523;87;523
107756;521;87;521
107758;526;87;526
107760;526;87;526
107762;522;87;522
107764;521;87;521
107766;522;87;522
107768;521;87;521
107770;520;87;520
107772;519;87;519
107774;517;87;517
107776;519;87;519
107778;519;87;519
107780;515;87;515
107782;519;87;519
107784;517;87;517
107786;518;87;518
107788;515;87;515
107790;516;87;516
107792;513;87;513
107794;513;87;513
107796;514;87;514
107798;510;87;510
107800;510;87;510
107802;510;87;510
107804;509;87;509
107806;506;87;506
107808;507;87;507
107810;507;87;507
107812;508;87;508
107814;507;87;507
107816;508;87;508
107818;508;87;508
107820;504;87;504
107822;506;87;506
107824;507;87;507
107826;508;87;508
107828;497;87;497
107830;510;87;510
107832;509;87;509
107834;509;87;509
107836;512;87;512
107838;512;87;512
107840;511;87;511
107842;511;87;511
107844;513;87;513
107846;512;87;512
107848;512;87;512
107850;511;87;511
107852;512;87;512
107854;512;87;512
107856;515;87;515
107858;515;87;515
107860;518;87;518
107862;525;87;525
107864;535;87;535
107866;546;87;546
107868;556;87;556
107870;571;87;571
107872;582;87;582
107874;594;87;594
107876;605;87;605
107878;608;87;608
107880;607;87;607
107882;609;87;609
107884;605;87;605
107886;596;87;596
107888;585;87;585
107890;578;87;578
107892;541;87;541
107894;521;87;521
107896;481;87;481
107898;448;87;448
107900;426;87;426
107902;416;87;416
107904;416;87;416
107906;425;87;425
107908;438;87;438
107910;453;87;453
107912;470;87;470
107914;484;87;484
107916;491;87;491
107918;497;87;497
107920;502;87;502
107922;503;87;503
107924;500;87;500
107926;507;87;507
107928;508;87;508
107930;510;87;510
107932;510;87;510
107934;510;87;510
107936;512;87;512
107938;510;87;510
107940;513;87;513
107942;511;87;511
107944;511;87;511
107946;512;87;512
107948;513;87;513
107950;514;87;514
107952;514;87;514
107954;514;87;514
107956;515;87;515
107958;516;87;516
107960;515;87;515
107962;516;87;516
107964;517;87;517
107966;516;87;516
107968;516;87;516
107970;515;87;515
107972;516;87;516
107974;500;87;500
107976;517;87;517
107978;519;87;519
107980;518;87;518
107982;517;87;517
107984;519;87;519
107986;519;87;519
107988;518;87;518
107990;519;87;519
107992;519;87;519
107994;518;87;518
107996;504;87;504
107998;521;87;521
108000;522;87;522
108002;521;87;521
108004;522;87;522
108006;522;87;522
108008;522;87;522
108010;522;87;522
108012;523;87;523
108014;524;87;524
108016;524;87;524
108018;525;87;525
108020;525;87;525
108022;527;87;527
108024;527;87;527
108026;526;87;526
108028;527;87;527
108030;527;87;527
108032;528;87;528
108034;524;87;524
108036;529;87;529
108038;531;87;531
108040;530;87;530
108042;532;87;532
108044;533;87;533
108046;533;87;533
108048;530;87;530
108050;533;87;533
108052;534;87;534
108054;534;87;534
108056;535;87;535
108058;536;87;536
108060;534;87;534
108062;534;87;534
108064;521;87;521
108066;535;87;535
108068;536;87;536
108070;535;87;535
108072;538;87;538
108074;536;87;536
108076;538;87;538
108078;537;87;537
108080;536;87;536
108082;533;87;533
108084;533;87;533
108086;534;87;534
108088;533;87;533
108090;533;87;533
108092;532;87;532
108094;531;87;531
108096;532;87;532
108098;531;87;531
108100;531;87;531
108102;530;87;530
108104;529;87;529
108106;528;87;528
108108;530;87;530
108110;526;87;526
108112;525;87;525
108114;527;87;527
108116;524;87;524
108118;524;87;524
108120;522;87;522
108122;521;87;521
108124;522;87;522
108126;520;87;520
108128;521;87;521
108130;520;87;520
108132;517;87;517
108134;518;87;518
108136;518;87;518
108138;516;87;516
108140;516;87;516
108142;515;87;515
108144;513;87;513
108146;513;87;513
108148;512;87;512
108150;513;87;513
108152;513;87;513
108154;512;87;512
108156;510;87;510
108158;510;87;510
108160;510;87;510
108162;508;87;508
108164;507;87;507
108166;497;87;497
108168;507;87;507
108170;506;87;506
108172;505;87;505
108174;507;87;507
108176;506;87;506
108178;506;87;506
108180;502;87;502
108182;506;87;506
108184;507;87;507
108186;507;87;507
108188;506;87;506
108190;508;87;508
108192;509;87;509
108194;507;87;507
108196;507;87;507
108198;507;87;507
108200;508;87;508
108202;508;87;508
108204;509;87;509
108206;510;87;510
108208;506;87;506
108210;509;87;509
108212;510;87;510
108214;511;87;511
108216;512;87;512
108218;511;87;511
108220;512;87;512
108222;510;87;510
108224;513;87;513
108226;512;87;512
108228;513;87;513
108230;514;87;514
108232;512;87;512
108234;507;87;507
108236;512;87;512
108238;513;87;513
108240;514;87;514
108242;513;87;513
108244;514;87;514
108246;514;87;514
108248;513;87;513
108250;508;87;508
108252;512;87;512
108254;515;87;515
108256;516;87;516
108258;515;87;515
108260;516;87;516
108262;515;87;515
108264;516;87;516
108266;515;87;515
108268;516;87;516
108270;514;87;514
108272;515;87;515
108274;515;87;515
108276;514;87;514
108278;517;87;517
108280;515;87;515
108282;515;87;515
108284;515;87;515
108286;515;87;515
108288;514;87;514
108290;514;87;514
108292;514;87;514
108294;514;87;514
108296;514;87;514
108298;514;87;514
108300;514;87;514
108302;515;87;515
108304;514;87;514
108306;514;87;514
108308;514;87;514
108310;513;87;513
108312;497;87;497
108314;514;87;514
108316;516;87;516
108318;515;87;515
108320;515;87;515
108322;515;87;515
108324;514;87;514
108326;513;87;513
108328;514;87;514
108330;513;87;513
108332;509;87;509
108334;513;87;513
108336;513;87;513
108338;514;87;514
108340;514;87;514
108342;515;87;515
108344;516;87;516
108346;514;87;514
108348;512;87;512
108350;514;87;514
108352;515;87;515
108354;516;87;516
108356;516;87;516
108358;515;87;515
108360;514;87;514
108362;515;87;515
108364;513;87;513
108366;512;87;512
108368;502;87;502
108370;515;87;515
108372;515;87;515
108374;515;87;515
108376;514;87;514
108378;514;87;514
108380;515;87;515
108382;516;87;516
108384;515;87;515
108386;515;87;515
108388;515;87;515
108390;515;87;515
108392;514;87;514
108394;514;87;514
108396;502;87;502
108398;516;87;516
108400;517;87;517
108402;516;87;516
108404;512;87;512
108406;517;87;517
108408;515;87;515
108410;514;87;514
108412;517;87;517
108414;518;87;518
108416;519;87;519
108418;510;87;510
108420;521;87;521
108422;523;87;523
108424;521;87;521
108426;522;87;522
108428;524;87;524
108430;525;87;525
108432;524;87;524
108434;524;87;524
108436;524;87;524
108438;523;87;523
108440;525;87;525
108442;524;87;524
108444;525;87;525
108446;525;87;525
108448;524;87;524
108450;524;87;524
108452;525;87;525
108454;523;87;523
108456;524;87;524
108458;523;87;523
108460;523;87;523
108462;522;87;522
108464;521;87;521
108466;518;87;518
108468;519;87;519
108470;518;87;518
108472;518;87;518
108474;518;87;518
108476;518;87;518
108478;520;87;520
108480;519;87;519
108482;518;87;518
108484;517;87;517
108486;517;87;517
108488;514;87;514
108490;512;87;512
108492;511;87;511
108494;511;87;511
108496;510;87;510
108498;509;87;509
108500;509;87;509
108502;508;87;508
108504;507;87;507
108506;509;87;509
108508;509;87;509
108510;508;87;508
108512;511;87;511
108514;507;87;507
108516;509;87;509
108518;509;87;509
108520;510;87;510
108522;505;87;505
108524;509;87;509
108526;507;87;507
108528;510;87;510
108530;509;87;509
108532;511;87;511
108534;512;87;512
108536;514;87;514
108538;513;87;513
108540;514;87;514
108542;513;87;513
108544;513;87;513
108546;512;87;512
108548;510;87;510
108550;510;87;510
108552;513;87;513
108554;514;87;514
108556;519;87;519
108558;516;87;516
108560;534;87;534
108562;545;87;545
108564;555;87;555
108566;571;87;571
108568;581;87;581
108570;591;87;591
108572;600;87;600
108574;608;87;608
108576;609;87;609
108578;609;87;609
108580;593;87;593
108582;593;87;593
108584;583;87;583
108586;574;87;574
108588;550;87;550
108590;517;87;517
108592;475;87;475
108594;446;87;446
108596;424;87;424
108598;413;87;413
108600;418;87;418
108602;424;87;424
108604;436;87;436
108606;451;87;451
108608;465;87;465
108610;482;87;482
108612;489;87;489
108614;497;87;497
108616;500;87;500
108618;506;87;506
108620;510;87;510
108622;511;87;511
108624;512;87;512
108626;511;87;511
108628;511;87;511
108630;512;87;512
108632;512;87;512
108634;512;87;512
108636;503;87;503
108638;516;87;516
108640;514;87;514
108642;515;87;515
108644;514;87;514
108646;515;87;515
108648;517;87;517
108650;516;87;516
108652;515;87;515
108654;514;87;514
108656;516;87;516
108658;517;87;517
108660;518;87;518
108662;519;87;519
108664;518;87;518
108666;519;87;519
108668;519;87;519
108670;520;87;520
108672;520;87;520
108674;519;87;519
108676;519;87;519
108678;519;87;519
108680;521;87;521
108682;519;87;519
108684;520;87;520
108686;505;87;505
108688;518;87;518
108690;520;87;520
108692;521;87;521
108694;522;87;522
108696;523;87;523
108698;523;87;523
108700;524;87;524
108702;523;87;523
108704;522;87;522
108706;519;87;519
108708;524;87;524
108710;525;87;525
108712;525;87;525
108714;526;87;526
108716;525;87;525
108718;522;87;522
108720;529;87;529
108722;526;87;526
108724;527;87;527
108726;527;87;527
108728;527;87;527
108730;528;87;528
108732;530;87;530
108734;530;87;530
108736;528;87;528
108738;532;87;532
108740;527;87;527
108742;533;87;533
108744;532;87;532
108746;534;87;534
108748;535;87;535
108750;536;87;536
108752;535;87;535
108754;536;87;536
108756;536;87;536
108758;537;87;537
108760;536;87;536
108762;536;87;536
108764;536;87;536
108766;535;87;535
108768;535;87;535
108770;538;87;538
108772;536;87;536
108774;536;87;536
108776;532;87;532
108778;535;87;535
108780;536;87;536
108782;535;87;535
108784;533;87;533
108786;532;87;532
108788;532;87;532
108790;531;87;531
108792;532;87;532
108794;531;87;531
108796;530;87;530
108798;526;87;526
108800;527;87;527
108802;528;87;528
108804;528;87;528
108806;527;87;527
108808;524;87;524
108810;524;87;524
108812;525;87;525
108814;522;87;522
108816;519;87;519
108818;521;87;521
108820;522;87;522
108822;522;87;522
108824;521;87;521
108826;519;87;519
108828;517;87;517
108830;516;87;516
108832;516;87;516
108834;515;87;515
108836;513;87;513
108838;506;87;506
108840;516;87;516
108842;513;87;513
108844;511;87;511
108846;512;87;512
108848;510;87;510
108850;511;87;511
108852;509;87;509
108854;509;87;509
108856;507;87;507
108858;509;87;509
108860;507;87;507
108862;505;87;505
108864;508;87;508
108866;506;87;506
108868;506;87;506
108870;505;87;505
108872;504;87;504
108874;507;87;507
108876;492;87;492
108878;506;87;506
108880;506;87;506
108882;507;87;507
108884;505;87;505
108886;504;87;504
108888;503;87;503
108890;505;87;505
108892;507;87;507
108894;507;87;507
108896;505;87;505
108898;507;87;507
108900;510;87;510
108902;508;87;508
108904;511;87;511
108906;511;87;511
108908;510;87;510
108910;511;87;511
108912;512;87;512
108914;513;87;513
108916;512;87;512
108918;510;87;510
108920;512;87;512
108922;512;87;512
108924;513;87;513
108926;515;87;515
108928;514;87;514
108930;513;87;513
108932;513;87;513
108934;515;87;515
108936;514;87;514
108938;513;87;513
108940;514;87;514
108942;513;87;513
108944;514;87;514
108946;516;87;516
108948;514;87;514
108950;515;87;515
108952;515;87;515
108954;515;87;515
108956;515;87;515
108958;518;87;518
108960;517;87;517
108962;515;87;515
108964;516;87;516
108966;516;87;516
108968;515;87;515
108970;509;87;509
108972;513;87;513
108974;515;87;515
108976;515;87;515
108978;516;87;516
108980;516;87;516
108982;515;87;515
108984;515;87;515
108986;514;87;514
108988;515;87;515
108990;515;87;515
108992;515;87;515
108994;516;87;516
108996;515;87;515
108998;508;87;508
109000;515;87;515
109002;513;87;513
109004;514;87;514
109006;515;87;515
109008;514;87;514
109010;516;87;516
109012;515;87;515
109014;515;87;515
109016;515;87;515
109018;517;87;517
109020;515;87;515
109022;514;87;514
109024;515;87;515
109026;514;87;514
109028;515;87;515
109030;514;87;514
109032;515;87;515
109034;514;87;514
109036;515;87;515
109038;514;87;514
109040;514;87;514
109042;513;87;513
109044;513;87;513
109046;513;87;513
109048;514;87;514
109050;514;87;514
109052;515;87;515
109054;514;87;514
109056;513;87;513
109058;515;87;515
109060;516;87;516
109062;514;87;514
109064;515;87;515
109066;514;87;514
109068;515;87;515
109070;517;87;517
109072;515;87;515
109074;515;87;515
109076;515;87;515
109078;514;87;514
109080;514;87;514
109082;515;87;515
109084;516;87;516
109086;515;87;515
109088;516;87;516
109090;516;87;516
109092;516;87;516
109094;517;87;517
109096;515;87;515
109098;517;87;517
109100;516;87;516
109102;512;87;512
109104;516;87;516
109106;516;87;516
109108;516;87;516
109110;514;87;514
109112;519;87;519
109114;519;87;519
109116;519;87;519
109118;521;87;521
109120;519;87;519
109122;520;87;520
109124;521;87;521
109126;523;87;523
109128;524;87;524
109130;523;87;523
109132;525;87;525
109134;525;87;525
109136;524;87;524
109138;524;87;524
109140;524;87;524
109142;524;87;524
109144;524;87;524
109146;525;87;525
109148;525;87;525
109150;523;87;523
109152;525;87;525
109154;523;87;523
109156;524;87;524
109158;523;87;523
109160;508;87;508
109162;522;87;522
109164;522;87;522
109166;521;87;521
109168;519;87;519
109170;518;87;518
109172;518;87;518
109174;519;87;519
109176;520;87;520
109178;521;87;521
109180;520;87;520
109182;517;87;517
109184;516;87;516
109186;516;87;516
109188;515;87;515
109190;515;87;515
109192;514;87;514
109194;513;87;513
109196;512;87;512
109198;511;87;511
109200;510;87;510
109202;510;87;510
109204;509;87;509
109206;509;87;509
109208;509;87;509
109210;508;87;508
109212;511;87;511
109214;511;87;511
109216;510;87;510
109218;510;87;510
109220;511;87;511
109222;509;87;509
109224;508;87;508
109226;511;87;511
109228;511;87;511
109230;511;87;511
109232;511;87;511
109234;509;87;509
109236;512;87;512
109238;512;87;512
109240;514;87;514
109242;513;87;513
109244;513;87;513
109246;511;87;511
109248;510;87;510
109250;514;87;514
109252;515;87;515
109254;519;87;519
109256;521;87;521
109258;527;87;527
109260;537;87;537
109262;544;87;544
109264;558;87;558
109266;573;87;573
109268;582;87;582
109270;590;87;590
109272;598;87;598
109274;602;87;602
109276;599;87;599
109278;587;87;587
109280;592;87;592
109282;584;87;584
109284;574;87;574
109286;564;87;564
109288;544;87;544
109290;513;87;513
109292;477;87;477
109294;446;87;446
109296;426;87;426
109298;412;87;412
109300;418;87;418
109302;427;87;427
109304;438;87;438
109306;454;87;454
109308;468;87;468
109310;482;87;482
109312;488;87;488
109314;498;87;498
109316;502;87;502
109318;505;87;505
109320;509;87;509
109322;499;87;499
109324;512;87;512
109326;514;87;514
109328;513;87;513
109330;514;87;514
109332;516;87;516
109334;516;87;516
109336;515;87;515
109338;516;87;516
109340;517;87;517
109342;517;87;517
109344;516;87;516
109346;517;87;517
109348;517;87;517
109350;517;87;517
109352;518;87;518
109354;517;87;517
109356;518;87;518
109358;517;87;517
109360;519;87;519
109362;518;87;518
109364;502;87;502
109366;518;87;518
109368;519;87;519
109370;518;87;518
109372;518;87;518
109374;520;87;520
109376;520;87;520
109378;520;87;520
109380;521;87;521
109382;521;87;521
109384;519;87;519
109386;521;87;521
109388;520;87;520
109390;520;87;520
109392;521;87;521
109394;522;87;522
109396;522;87;522
109398;524;87;524
109400;524;87;524
109402;523;87;523
109404;523;87;523
109406;524;87;524
109408;523;87;523
109410;524;87;524
109412;523;87;523
109414;525;87;525
109416;526;87;526
109418;525;87;525
109420;528;87;528
109422;528;87;528
109424;527;87;527
109426;528;87;528
109428;529;87;529
109430;526;87;526
109432;530;87;530
109434;531;87;531
109436;531;87;531
109438;530;87;530
109440;534;87;534
109442;534;87;534
109444;534;87;534
109446;535;87;535
109448;534;87;534
109450;535;87;535
109452;535;87;535
109454;536;87;536
109456;536;87;536
109458;536;87;536
109460;539;87;539
109462;537;87;537
109464;538;87;538
109466;538;87;538
109468;538;87;538
109470;538;87;538
109472;537;87;537
109474;536;87;536
109476;535;87;535
109478;523;87;523
109480;536;87;536
109482;535;87;535
109484;534;87;534
109486;533;87;533
109488;535;87;535
109490;533;87;533
109492;532;87;532
109494;531;87;531
109496;530;87;530
109498;531;87;531
109500;531;87;531
109502;529;87;529
109504;527;87;527
109506;528;87;528
109508;523;87;523
109510;525;87;525
109512;525;87;525
109514;525;87;525
109516;523;87;523
109518;523;87;523
109520;520;87;520
109522;521;87;521
109524;521;87;521
109526;519;87;519
109528;519;87;519
109530;518;87;518
109532;516;87;516
109534;516;87;516
109536;514;87;514
109538;513;87;513
109540;516;87;516
109542;514;87;514
109544;510;87;510
109546;509;87;509
109548;503;87;503
109550;507;87;507
109552;507;87;507
109554;503;87;503
109556;500;87;500
109558;508;87;508
109560;503;87;503
109562;496;87;496
109564;507;87;507
109566;499;87;499
109568;505;87;505
109570;505;87;505
109572;501;87;501
109574;497;87;497
109576;507;87;507
109578;493;87;493
109580;507;87;507
109582;500;87;500
109584;507;87;507
109586;499;87;499
109588;504;87;504
109590;507;87;507
109592;502;87;502
109594;505;87;505
109596;505;87;505
109598;507;87;507
109600;509;87;509
109602;510;87;510
109604;502;87;502
109606;505;87;505
109608;510;87;510
109610;512;87;512
109612;512;87;512
109614;512;87;512
109616;512;87;512
109618;515;87;515
109620;516;87;516
109622;514;87;514
109624;512;87;512
109626;512;87;512
109628;513;87;513
109630;514;87;514
109632;507;87;507
109634;514;87;514
109636;514;87;514
109638;516;87;516
109640;515;87;515
109642;515;87;515
109644;515;87;515
109646;515;87;515
109648;516;87;516
109650;515;87;515
109652;515;87;515
109654;515;87;515
109656;517;87;517
109658;516;87;516
109660;517;87;517
109662;516;87;516
109664;516;87;516
109666;516;87;516
109668;515;87;515
109670;516;87;516
109672;516;87;516
109674;515;87;515
109676;517;87;517
109678;516;87;516
109680;517;87;517
109682;516;87;516
109684;518;87;518
109686;516;87;516
109688;514;87;514
109690;515;87;515
109692;515;87;515
109694;514;87;514
109696;514;87;514
109698;516;87;516
109700;515;87;515
109702;512;87;512
109704;514;87;514
109706;516;87;516
109708;514;87;514
109710;514;87;514
109712;515;87;515
109714;516;87;516
109716;513;87;513
109718;515;87;515
109720;515;87;515
109722;514;87;514
109724;515;87;515
109726;514;87;514
109728;514;87;514
109730;514;87;514
109732;513;87;513
109734;516;87;516
109736;516;87;516
109738;515;87;515
109740;516;87;516
109742;515;87;515
109744;513;87;513
109746;516;87;516
109748;514;87;514
109750;515;87;515
109752;516;87;516
109754;513;87;513
109756;515;87;515
109758;515;87;515
109760;514;87;514
109762;515;87;515
109764;517;87;517
109766;514;87;514
109768;517;87;517
109770;514;87;514
109772;516;87;516
109774;516;87;516
109776;509;87;509
109778;515;87;515
109780;517;87;517
109782;516;87;516
109784;517;87;517
109786;515;87;515
109788;516;87;516
109790;516;87;516
109792;515;87;515
109794;502;87;502
109796;515;87;515
109798;514;87;514
109800;515;87;515
109802;512;87;512
109804;516;87;516
109806;514;87;514
109808;516;87;516
109810;516;87;516
109812;516;87;516
109814;517;87;517
109816;518;87;518
109818;520;87;520
109820;519;87;519
109822;521;87;521
109824;522;87;522
109826;523;87;523
109828;522;87;522
109830;523;87;523
109832;526;87;526
109834;524;87;524
109836;526;87;526
109838;525;87;525
109840;525;87;525
109842;528;87;528
109844;523;87;523
109846;523;87;523
109848;521;87;521
109850;522;87;522
109852;523;87;523
109854;507;87;507
109856;525;87;525
109858;525;87;525
109860;524;87;524
109862;522;87;522
109864;522;87;522
109866;522;87;522
109868;519;87;519
109870;519;87;519
109872;518;87;518
109874;518;87;518
109876;518;87;518
109878;520;87;520
109880;519;87;519
109882;519;87;519
109884;518;87;518
109886;517;87;517
109888;517;87;517
109890;515;87;515
109892;513;87;513
109894;508;87;508
109896;513;87;513
109898;511;87;511
109900;512;87;512
109902;511;87;511
109904;508;87;508
109906;510;87;510
109908;496;87;496
109910;509;87;509
109912;509;87;509
109914;509;87;509
109916;509;87;509
109918;510;87;510
109920;510;87;510
109922;505;87;505
109924;510;87;510
109926;510;87;510
109928;510;87;510
109930;509;87;509
109932;512;87;512
109934;511;87;511
109936;512;87;512
109938;513;86;513
109940;509;86;509
109942;510;86;510
109944;513;86;513
109946;512;86;512
109948;512;86;512
109950;511;86;511
109952;511;86;511
109954;512;86;512
109956;514;86;514
109958;516;86;516
109960;520;86;520
109962;528;86;528
109964;539;86;539
109966;549;86;549
109968;563;86;563
109970;577;86;577
109972;587;86;587
109974;598;86;598
109976;605;86;605
109978;610;86;610
109980;614;86;614
109982;613;86;613
109984;606;86;606
109986;596;86;596
109988;588;86;588
109990;577;86;577
109992;551;86;551
109994;501;86;501
109996;470;86;470
109998;442;86;442
110000;422;86;422
110002;414;86;414
110004;418;86;418
110006;428;86;428
110008;442;86;442
110010;458;86;458
110012;474;86;474
110014;485;86;485
110016;493;86;493
110018;497;86;497
110020;503;86;503
110022;504;86;504
110024;507;86;507
110026;508;86;508
110028;509;86;509
110030;510;86;510
110032;510;86;510
110034;510;86;510
110036;511;86;511
110038;512;86;512
110040;513;86;513
110042;513;86;513
110044;513;86;513
110046;514;86;514
110048;512;86;512
110050;514;86;514
110052;514;86;514
110054;514;86;514
110056;514;86;514
110058;515;86;515
110060;516;86;516
110062;517;86;517
110064;518;86;518
110066;516;86;516
110068;511;86;511
110070;516;86;516
110072;515;86;515
110074;518;86;518
110076;517;86;517
110078;502;86;502
110080;518;86;518
110082;519;86;519
110084;518;86;518
110086;520;86;520
110088;520;86;520
110090;518;86;518
110092;519;86;519
110094;521;86;521
110096;522;86;522
110098;523;86;523
110100;522;86;522
110102;520;86;520
110104;522;86;522
110106;522;86;522
110108;522;86;522
110110;522;86;522
110112;523;86;523
110114;526;86;526
110116;526;86;526
110118;525;86;525
110120;525;86;525
110122;525;86;525
110124;528;86;528
110126;526;86;526
110128;528;86;528
110130;528;86;528
110132;529;86;529
110134;529;86;529
110136;530;86;530
110138;530;86;530
110140;531;86;531
110142;513;86;513
110144;533;86;533
110146;532;86;532
110148;536;86;536
110150;534;86;534
110152;534;86;534
110154;535;86;535
110156;535;86;535
110158;536;86;536
110160;537;86;537
110162;536;86;536
110164;536;86;536
110166;536;86;536
110168;535;86;535
110170;537;86;537
110172;537;86;537
110174;538;86;538
110176;539;86;539
110178;538;86;538
110180;521;86;521
110182;536;86;536
110184;534;86;534
110186;535;86;535
110188;534;86;534
110190;533;86;533
110192;533;86;533
110194;530;86;530
110196;532;86;532
110198;531;86;531
110200;531;86;531
110202;527;86;527
110204;530;86;530
110206;529;86;529
110208;525;86;525
110210;524;86;524
110212;524;86;524
110214;526;86;526
110216;525;86;525
110218;523;86;523
110220;525;86;525
110222;523;86;523
110224;523;86;523
110226;522;86;522
110228;519;86;519
110230;518;86;518
110232;520;86;520
110234;518;86;518
110236;519;86;519
110238;516;86;516
110240;516;86;516
110242;515;86;515
110244;514;86;514
110246;514;86;514
110248;512;86;512
110250;512;86;512
110252;511;86;511
110254;510;86;510
110256;510;86;510
110258;510;86;510
110260;510;86;510
110262;510;86;510
110264;507;86;507
110266;508;86;508
110268;506;86;506
110270;506;86;506
110272;507;86;507
110274;509;86;509
110276;507;86;507
110278;509;86;509
110280;507;86;507
110282;508;86;508
110284;505;86;505
110286;504;86;504
110288;506;86;506
110290;507;86;507
110292;505;86;505
110294;506;86;506
110296;507;86;507
110298;509;86;509
110300;510;86;510
110302;509;86;509
110304;508;86;508
110306;508;86;508
110308;510;86;510
110310;509;86;509
110312;506;86;506
110314;509;86;509
110316;510;86;510
110318;512;86;512
110320;510;86;510
110322;512;86;512
110324;512;86;512
110326;512;86;512
110328;512;86;512
110330;514;86;514
110332;514;86;514
110334;513;86;513
110336;513;86;513
110338;516;86;516
110340;514;86;514
110342;516;86;516
110344;513;86;513
110346;512;86;512
110348;514;86;514
110350;516;86;516
110352;514;86;514
110354;515;86;515
110356;515;86;515
110358;517;86;517
110360;514;86;514
110362;515;86;515
110364;515;86;515
110366;514;86;514
110368;517;86;517
110370;514;86;514
110372;516;86;516
110374;515;86;515
110376;516;86;516
110378;516;86;516
110380;515;86;515
110382;514;86;514
110384;515;86;515
110386;514;86;514
110388;516;86;516
110390;515;86;515
110392;516;86;516
110394;515;86;515
110396;515;86;515
110398;516;86;516
110400;516;86;516
110402;516;86;516
110404;514;86;514
110406;510;86;510
110408;515;86;515
110410;514;86;514
110412;515;86;515
110414;514;86;514
110416;514;86;514
110418;514;86;514
110420;515;86;515
110422;513;86;513
110424;514;86;514
110426;515;86;515
110428;514;86;514
110430;513;86;513
110432;513;86;513
110434;511;86;511
110436;512;86;512
110438;515;86;515
110440;514;86;514
110442;515;86;515
110444;515;86;515
110446;515;86;515
110448;514;86;514
110450;514;86;514
110452;515;86;515
110454;514;86;514
110456;515;86;515
110458;515;86;515
110460;514;86;514
110462;517;86;517
110464;514;86;514
110466;514;86;514
110468;516;86;516
110470;514;86;514
110472;515;86;515
110474;514;86;514
110476;515;86;515
110478;517;86;517
110480;516;86;516
110482;514;86;514
110484;513;86;513
110486;515;86;515
110488;515;86;515
110490;516;86;516
110492;515;86;515
110494;516;86;516
110496;514;86;514
110498;517;86;517
110500;516;86;516
110502;513;86;513
110504;516;86;516
110506;516;86;516
110508;517;86;517
110510;517;86;517
110512;514;86;514
110514;516;86;516
110516;518;86;518
110518;518;86;518
110520;517;86;517
110522;515;86;515
110524;517;86;517
110526;518;86;518
110528;516;86;516
110530;517;86;517
110532;518;86;518
110534;518;86;518
110536;521;86;521
110538;520;86;520
110540;522;86;522
110542;524;86;524
110544;523;86;523
110546;522;86;522
110548;526;86;526
110550;525;86;525
110552;526;86;526
110554;523;86;523
110556;526;86;526
110558;525;86;525
110560;525;86;525
110562;523;86;523
110564;525;86;525
110566;524;86;524
110568;524;86;524
110570;514;86;514
110572;523;86;523
110574;521;86;521
110576;523;86;523
110578;522;86;522
110580;522;86;522
110582;523;86;523
110584;520;86;520
110586;518;86;518
110588;518;86;518
110590;519;86;519
110592;520;86;520
110594;521;86;521
110596;520;86;520
110598;519;86;519
110600;499;86;499
110602;518;86;518
110604;518;86;518
110606;516;86;516
110608;511;86;511
110610;512;86;512
110612;510;86;510
110614;513;86;513
110616;514;86;514
110618;508;86;508
110620;509;86;509
110622;507;86;507
110624;510;86;510
110626;510;86;510
110628;508;86;508
110630;509;86;509
110632;509;86;509
110634;509;86;509
110636;511;86;511
110638;510;86;510
110640;511;86;511
110642;512;86;512
110644;511;86;511
110646;512;86;512
110648;510;86;510
110650;512;86;512
110652;512;86;512
110654;513;86;513
110656;511;86;511
110658;514;86;514
110660;513;86;513
110662;512;86;512
110664;511;86;511
110666;510;86;510
110668;510;86;510
110670;514;86;514
110672;517;86;517
110674;519;86;519
110676;527;86;527
110678;537;86;537
110680;549;86;549
110682;563;86;563
110684;577;86;577
110686;584;86;584
110688;597;86;597
110690;605;86;605
110692;607;86;607
110694;611;86;611
110696;609;86;609
110698;605;86;605
110700;593;86;593
110702;587;86;587
110704;573;86;573
110706;545;86;545
110708;506;86;506
110710;468;86;468
110712;442;86;442
110714;422;86;422
110716;416;86;416
110718;422;86;422
110720;430;86;430
110722;443;86;443
110724;456;86;456
110726;474;86;474
110728;482;86;482
110730;492;86;492
110732;496;86;496
110734;501;86;501
110736;505;86;505
110738;501;86;501
110740;509;86;509
110742;510;86;510
110744;511;86;511
110746;511;86;511
110748;512;86;512
110750;513;86;513
110752;510;86;510
110754;497;86;497
110756;514;86;514
110758;514;86;514
110760;508;86;508
110762;513;86;513
110764;516;86;516
110766;515;86;515
110768;513;86;513
110770;512;86;512
110772;513;86;513
110774;515;86;515
110776;517;86;517
110778;517;86;517
110780;516;86;516
110782;516;86;516
110784;516;86;516
110786;515;86;515
110788;516;86;516
110790;516;86;516
110792;516;86;516
110794;519;86;519
110796;518;86;518
110798;520;86;520
110800;518;86;518
110802;519;86;519
110804;519;86;519
110806;521;86;521
110808;520;86;520
110810;520;86;520
110812;521;86;521
110814;521;86;521
110816;520;86;520
110818;523;86;523
110820;522;86;522
110822;524;86;524
110824;521;86;521
110826;523;86;523
110828;524;86;524
110830;525;86;525
110832;525;86;525
110834;526;86;526
110836;526;86;526
110838;526;86;526
110840;526;86;526
110842;527;86;527
110844;528;86;528
110846;529;86;529
110848;527;86;527
110850;529;86;529
110852;530;86;530
110854;530;86;530
110856;533;86;533
110858;531;86;531
110860;532;86;532
110862;532;86;532
110864;529;86;529
110866;533;86;533
110868;535;86;535
110870;535;86;535
110872;535;86;535
110874;537;86;537
110876;536;86;536
110878;535;86;535
110880;536;86;536
110882;536;86;536
110884;534;86;534
110886;536;86;536
110888;535;86;535
110890;536;86;536
110892;537;86;537
110894;536;86;536
110896;536;86;536
110898;535;86;535
110900;535;86;535
110902;533;86;533
110904;531;86;531
110906;534;86;534
110908;531;86;531
110910;533;86;533
110912;530;86;530
110914;530;86;530
110916;532;86;532
110918;529;86;529
110920;530;86;530
110922;526;86;526
110924;528;86;528
110926;526;86;526
110928;526;86;526
110930;525;86;525
110932;524;86;524
110934;525;86;525
110936;523;86;523
110938;523;86;523
110940;523;86;523
110942;521;86;521
110944;520;86;520
110946;519;86;519
110948;516;86;516
110950;516;86;516
110952;516;86;516
110954;517;86;517
110956;517;86;517
110958;516;86;516
110960;515;86;515
110962;516;86;516
110964;513;86;513
110966;513;86;513
110968;508;86;508
110970;511;86;511
110972;509;86;509
110974;510;86;510
110976;509;86;509
110978;510;86;510
110980;508;86;508
110982;508;86;508
110984;506;86;506
110986;507;86;507
110988;506;86;506
110990;505;86;505
110992;506;86;506
110994;505;86;505
110996;506;86;506
110998;507;86;507
111000;506;86;506
111002;506;86;506
111004;508;86;508
111006;508;86;508
111008;509;86;509
111010;509;86;509
111012;510;86;510
111014;508;86;508
111016;509;86;509
111018;508;86;508
111020;509;86;509
111022;510;86;510
111024;510;86;510
111026;511;86;511
111028;510;86;510
111030;512;86;512
111032;511;86;511
111034;511;86;511
111036;511;86;511
111038;512;86;512
111040;513;86;513
111042;512;86;512
111044;494;86;494
111046;513;86;513
111048;512;86;512
111050;513;86;513
111052;514;86;514
111054;512;86;512
111056;514;86;514
111058;513;86;513
111060;515;86;515
111062;515;86;515
111064;513;86;513
111066;514;86;514
111068;512;86;512
111070;513;86;513
111072;513;86;513
111074;516;86;516
111076;514;86;514
111078;517;86;517
111080;516;86;516
111082;515;86;515
111084;515;86;515
111086;515;86;515
111088;514;86;514
111090;515;86;515
111092;516;86;516
111094;515;86;515
111096;516;86;516
111098;516;86;516
111100;517;86;517
111102;515;86;515
111104;515;86;515
111106;516;86;516
111108;515;86;515
111110;515;86;515
111112;515;86;515
111114;513;86;513
111116;515;86;515
111118;516;86;516
111120;516;86;516
111122;515;86;515
111124;515;86;515
111126;514;86;514
111128;514;86;514
111130;515;86;515
111132;497;86;497
111134;515;86;515
111136;515;86;515
111138;514;86;514
111140;514;86;514
111142;508;86;508
111144;515;86;515
111146;514;86;514
111148;516;86;516
111150;515;86;515
111152;515;86;515
111154;513;86;513
111156;515;86;515
111158;514;86;514
111160;515;86;515
111162;514;86;514
111164;513;86;513
111166;516;86;516
111168;515;86;515
111170;513;86;513
111172;513;86;513
111174;516;86;516
111176;515;86;515
111178;516;86;516
111180;515;86;515
111182;516;86;516
111184;515;86;515
111186;515;86;515
111188;515;86;515
111190;515;86;515
111192;515;86;515
111194;515;86;515
111196;513;86;513
111198;515;86;515
111200;501;86;501
111202;514;86;514
111204;515;86;515
111206;514;86;514
111208;516;86;516
111210;515;86;515
111212;515;86;515
111214;513;86;513
111216;516;86;516
111218;516;86;516
111220;518;86;518
111222;517;86;517
111224;518;86;518
111226;517;86;517
111228;517;86;517
111230;515;86;515
111232;515;86;515
111234;516;86;516
111236;518;86;518
111238;517;86;517
111240;518;86;518
111242;517;86;517
111244;519;86;519
111246;516;86;516
111248;516;86;516
111250;518;86;518
111252;518;86;518
111254;522;86;522
111256;520;86;520
111258;522;86;522
111260;522;86;522
111262;525;86;525
111264;524;86;524
111266;524;86;524
111268;524;86;524
111270;525;86;525
111272;524;86;524
111274;524;86;524
111276;524;86;524
111278;525;86;525
111280;525;86;525
111282;524;86;524
111284;525;86;525
111286;525;86;525
111288;524;86;524
111290;522;86;522
111292;523;86;523
111294;524;86;524
111296;525;86;525
111298;519;86;519
111300;521;86;521
111302;520;86;520
111304;519;86;519
111306;519;86;519
111308;519;86;519
111310;519;86;519
111312;519;86;519
111314;521;86;521
111316;518;86;518
111318;518;86;518
111320;517;86;517
111322;516;86;516
111324;514;86;514
111326;512;86;512
111328;511;86;511
111330;511;86;511
111332;511;86;511
111334;510;86;510
111336;509;86;509
111338;510;86;510
111340;510;86;510
111342;511;86;511
111344;509;86;509
111346;509;86;509
111348;509;86;509
111350;509;86;509
111352;509;86;509
111354;511;86;511
111356;509;86;509
111358;509;86;509
111360;496;86;496
111362;511;86;511
111364;512;86;512
111366;511;86;511
111368;510;86;510
111370;512;86;512
111372;511;86;511
111374;512;86;512
111376;511;86;511
111378;512;86;512
111380;512;86;512
111382;500;86;500
111384;510;86;510
111386;512;86;512
111388;513;86;513
111390;516;86;516
111392;518;86;518
111394;524;86;524
111396;535;86;535
111398;544;86;544
111400;557;86;557
111402;569;86;569
111404;585;86;585
111406;595;86;595
111408;594;86;594
111410;606;86;606
111412;613;86;613
111414;614;86;614
111416;610;86;610
111418;598;86;598
111420;593;86;593
111422;580;86;580
111424;554;86;554
111426;517;86;517
111428;475;86;475
111430;447;86;447
111432;424;86;424
111434;416;86;416
111436;420;86;420
111438;431;86;431
111440;443;86;443
111442;458;86;458
111444;472;86;472
111446;482;86;482
111448;489;86;489
111450;495;86;495
111452;500;86;500
111454;504;86;504
111456;506;86;506
111458;506;86;506
111460;508;86;508
111462;510;86;510
111464;508;86;508
111466;510;86;510
111468;511;86;511
111470;511;86;511
111472;508;86;508
111474;512;86;512
111476;512;86;512
111478;514;86;514
111480;511;86;511
111482;513;86;513
111484;512;86;512
111486;513;86;513
111488;514;86;514
111490;513;86;513
111492;514;86;514
111494;517;86;517
111496;515;86;515
111498;516;86;516
111500;518;86;518
111502;517;86;517
111504;517;86;517
111506;517;86;517
111508;516;86;516
111510;518;86;518
111512;517;86;517
111514;520;86;520
111516;520;86;520
111518;520;86;520
111520;519;86;519
111522;507;86;507
111524;518;86;518
111526;518;86;518
111528;520;86;520
111530;522;86;522
111532;520;86;520
111534;521;86;521
111536;521;86;521
111538;522;86;522
111540;521;86;521
111542;524;86;524
111544;523;86;523
111546;523;86;523
111548;523;86;523
111550;523;86;523
111552;525;86;525
111554;525;86;525
111556;525;86;525
111558;526;86;526
111560;528;86;528
111562;528;86;528
111564;528;86;528
111566;530;86;530
111568;529;86;529
111570;528;86;528
111572;529;86;529
111574;531;86;531
111576;531;86;531
111578;532;86;532
111580;527;86;527
111582;532;86;532
111584;534;86;534
111586;531;86;531
111588;535;86;535
111590;534;86;534
111592;534;86;534
111594;535;86;535
111596;535;86;535
111598;537;86;537
111600;536;86;536
111602;537;86;537
111604;535;86;535
111606;533;86;533
111608;535;86;535
111610;535;86;535
111612;535;86;535
111614;534;86;534
111616;535;86;535
111618;535;86;535
111620;534;86;534
111622;533;86;533
111624;532;86;532
111626;533;86;533
111628;531;86;531
111630;530;86;530
111632;530;86;530
111634;530;86;530
111636;528;86;528
111638;529;86;529
111640;530;86;530
111642;528;86;528
111644;528;86;528
111646;526;86;526
111648;507;86;507
111650;524;86;524
111652;525;86;525
111654;525;86;525
111656;523;86;523
111658;524;86;524
111660;524;86;524
111662;523;86;523
111664;520;86;520
111666;519;86;519
111668;519;86;519
111670;516;86;516
111672;517;86;517
111674;519;86;519
111676;516;86;516
111678;514;86;514
111680;515;86;515
111682;514;86;514
111684;508;86;508
111686;512;86;512
111688;513;86;513
111690;498;86;498
111692;510;86;510
111694;510;86;510
111696;508;86;508
111698;508;86;508
111700;508;86;508
111702;508;86;508
111704;509;86;509
111706;507;86;507
111708;508;86;508
111710;508;86;508
111712;507;86;507
111714;508;86;508
111716;507;86;507
111718;508;86;508
111720;506;86;506
111722;507;86;507
111724;506;86;506
111726;508;86;508
111728;509;86;509
111730;510;86;510
111732;508;86;508
111734;492;86;492
111736;509;86;509
111738;510;86;510
111740;510;86;510
111742;511;86;511
111744;509;86;509
111746;508;86;508
111748;512;86;512
111750;513;86;513
111752;511;86;511
111754;501;86;501
111756;510;86;510
111758;513;86;513
111760;510;86;510
111762;511;86;511
111764;511;86;511
111766;512;86;512
111768;512;86;512
111770;514;86;514
111772;515;86;515
111774;514;86;514
111776;514;86;514
111778;514;86;514
111780;514;86;514
111782;515;86;515
111784;513;86;513
111786;512;86;512
111788;513;86;513
111790;514;86;514
111792;516;86;516
111794;515;86;515
111796;515;86;515
111798;516;86;516
111800;516;86;516
111802;514;86;514
111804;515;86;515
111806;514;86;514
111808;515;86;515
111810;514;86;514
111812;514;86;514
111814;515;86;515
111816;515;86;515
111818;513;86;513
111820;515;86;515
111822;514;86;514
111824;509;86;509
111826;512;86;512
111828;513;86;513
111830;515;86;515
111832;503;86;503
111834;515;86;515
111836;515;86;515
111838;515;86;515
111840;514;86;514
111842;517;86;517
111844;513;86;513
111846;513;86;513
111848;499;86;499
111850;513;86;513
111852;514;86;514
111854;514;86;514
111856;515;86;515
111858;514;86;514
111860;515;86;515
111862;514;86;514
111864;512;86;512
111866;514;86;514
111868;515;86;515
111870;514;86;514
111872;515;86;515
111874;514;86;514
111876;513;86;513
111878;514;86;514
111880;514;86;514
111882;516;86;516
111884;514;86;514
111886;513;86;513
111888;513;86;513
111890;514;86;514
111892;514;86;514
111894;516;86;516
111896;510;86;510
111898;517;86;517
111900;514;86;514
111902;513;86;513
111904;514;86;514
111906;515;86;515
111908;516;86;516
111910;516;86;516
111912;516;86;516
111914;514;86;514
111916;516;86;516
111918;514;86;514
111920;517;86;517
111922;515;86;515
111924;514;86;514
111926;515;86;515
111928;516;86;516
111930;516;86;516
111932;515;86;515
111934;514;86;514
111936;515;86;515
111938;515;86;515
111940;516;86;516
111942;517;86;517
111944;517;86;517
111946;516;86;516
111948;515;86;515
111950;514;86;514
111952;516;86;516
111954;517;86;517
111956;516;86;516
111958;516;86;516
111960;517;86;517
111962;517;86;517
111964;517;86;517
111966;518;86;518
111968;518;86;518
111970;519;86;519
111972;520;86;520
111974;521;86;521
111976;521;86;521
111978;517;86;517
111980;523;86;523
111982;522;86;522
111984;523;86;523
111986;525;86;525
111988;523;86;523
111990;523;86;523
111992;523;86;523
111994;522;86;522
111996;524;86;524
111998;523;86;523
112000;525;86;525
112002;524;86;524
112004;524;86;524
112006;524;86;524
112008;523;86;523
112010;520;86;520
112012;522;86;522
112014;521;86;521
112016;522;86;522
112018;520;86;520
112020;520;86;520
112022;522;86;522
112024;518;86;518
112026;519;86;519
112028;518;86;518
112030;520;86;520
112032;521;86;521
112034;521;86;521
112036;518;86;518
112038;518;86;518
112040;517;86;517
112042;515;86;515
112044;514;86;514
112046;509;86;509
112048;512;86;512
112050;511;86;511
112052;508;86;508
112054;511;86;511
112056;511;86;511
112058;509;86;509
112060;509;86;509
112062;509;86;509
112064;508;86;508
112066;508;86;508
112068;509;86;509
112070;509;86;509
112072;508;86;508
112074;511;86;511
112076;511;86;511
112078;510;86;510
112080;510;86;510
112082;512;86;512
112084;511;86;511
112086;509;86;509
112088;512;86;512
112090;511;86;511
112092;511;86;511
112094;513;86;513
112096;512;86;512
112098;514;86;514
112100;513;86;513
112102;511;86;511
112104;509;86;509
112106;511;86;511
112108;513;86;513
112110;516;86;516
112112;521;86;521
112114;528;86;528
112116;539;86;539
112118;550;86;550
112120;565;86;565
112122;577;86;577
112124;587;86;587
112126;597;86;597
112128;602;86;602
112130;602;86;602
112132;610;86;610
112134;608;86;608
112136;603;86;603
112138;592;86;592
112140;588;86;588
112142;568;86;568
112144;535;86;535
112146;497;86;497
112148;460;86;460
112150;435;86;435
112152;419;86;419
112154;417;86;417
112156;425;86;425
112158;435;86;435
112160;448;86;448
112162;464;86;464
112164;477;86;477
112166;486;86;486
112168;492;86;492
112170;498;86;498
112172;501;86;501
112174;506;86;506
112176;506;86;506
112178;509;86;509
112180;512;86;512
112182;511;86;511
112184;511;86;511
112186;511;86;511
112188;511;86;511
112190;512;86;512
112192;512;86;512
112194;513;86;513
112196;513;86;513
112198;513;86;513
112200;514;86;514
112202;514;86;514
112204;514;86;514
112206;514;86;514
112208;513;86;513
112210;513;86;513
112212;515;86;515
112214;516;86;516
112216;516;86;516
112218;516;86;516
112220;517;86;517
112222;516;86;516
112224;518;86;518
112226;515;86;515
112228;518;86;518
112230;518;86;518
112232;519;86;519
112234;519;86;519
112236;519;86;519
112238;520;86;520
112240;512;86;512
112242;519;86;519
112244;520;86;520
112246;520;86;520
112248;521;86;521
112250;520;86;520
112252;522;86;522
112254;515;86;515
112256;522;86;522
112258;523;86;523
112260;523;86;523
112262;524;86;524
112264;523;86;523
112266;524;86;524
112268;525;86;525
112270;525;86;525
112272;525;86;525
112274;526;86;526
112276;527;86;527
112278;528;86;528
112280;526;86;526
112282;527;86;527
112284;527;86;527
112286;524;86;524
112288;528;86;528
112290;530;86;530
112292;515;86;515
112294;531;86;531
112296;533;86;533
112298;533;86;533
112300;531;86;531
112302;533;86;533
112304;532;86;532
112306;533;86;533
112308;534;86;534
112310;534;86;534
112312;535;86;535
112314;535;86;535
112316;536;86;536
112318;535;86;535
112320;536;86;536
112322;535;86;535
112324;534;86;534
112326;536;86;536
112328;535;86;535
112330;536;86;536
112332;534;86;534
112334;527;86;527
112336;530;86;530
112338;532;86;532
112340;532;86;532
112342;528;86;528
112344;526;86;526
112346;530;86;530
112348;527;86;527
112350;526;86;526
112352;524;86;524
112354;530;86;530
112356;522;86;522
112358;522;86;522
112360;526;86;526
112362;524;86;524
112364;525;86;525
112366;513;86;513
112368;526;86;526
112370;517;86;517
112372;523;86;523
112374;520;86;520
112376;521;86;521
112378;516;86;516
112380;521;86;521
112382;514;86;514
112384;519;86;519
112386;517;86;517
112388;518;86;518
112390;516;86;516
112392;513;86;513
112394;516;86;516
112396;515;86;515
112398;517;86;517
112400;515;86;515
112402;515;86;515
112404;513;86;513
112406;514;86;514
112408;512;86;512
112410;512;86;512
112412;511;86;511
112414;509;86;509
112416;509;86;509
112418;510;86;510
112420;510;86;510
112422;509;86;509
112424;507;86;507
112426;506;86;506
112428;507;86;507
112430;507;86;507
112432;507;86;507
112434;507;86;507
112436;509;86;509
112438;508;86;508
112440;511;86;511
112442;510;86;510
112444;510;86;510
112446;509;86;509
112448;509;86;509
112450;507;86;507
112452;510;86;510
112454;511;86;511
112456;511;86;511
112458;511;86;511
112460;510;86;510
112462;511;86;511
112464;512;86;512
112466;511;86;511
112468;511;86;511
112470;510;86;510
112472;511;86;511
112474;512;86;512
112476;513;86;513
112478;514;86;514
112480;512;86;512
112482;513;86;513
112484;512;86;512
112486;513;86;513
112488;514;86;514
112490;514;86;514
112492;513;86;513
112494;514;86;514
112496;514;86;514
112498;514;86;514
112500;515;86;515
112502;515;86;515
112504;515;86;515
112506;514;86;514
112508;514;86;514
112510;515;86;515
112512;514;86;514
112514;515;86;515
112516;517;86;517
112518;515;86;515
112520;516;86;516
112522;517;86;517
112524;516;86;516
112526;513;86;513
112528;514;86;514
112530;515;86;515
112532;513;86;513
112534;515;86;515
112536;515;86;515
112538;500;86;500
112540;516;86;516
112542;515;86;515
112544;515;86;515
112546;515;86;515
112548;515;86;515
112550;515;86;515
112552;515;86;515
112554;516;86;516
112556;516;86;516
112558;515;86;515
112560;517;86;517
112562;515;86;515
112564;515;86;515
112566;515;86;515
112568;515;86;515
112570;517;86;517
112572;516;86;516
112574;515;86;515
112576;516;86;516
112578;514;86;514
112580;513;86;513
112582;514;86;514
112584;514;86;514
112586;514;86;514
112588;515;86;515
112590;516;86;516
112592;515;86;515
112594;515;86;515
112596;515;86;515
112598;516;86;516
112600;511;86;511
112602;515;86;515
112604;516;86;516
112606;515;86;515
112608;516;86;516
112610;515;86;515
112612;515;86;515
112614;514;86;514
112616;510;86;510
112618;515;86;515
112620;513;86;513
112622;515;86;515
112624;513;86;513
112626;514;86;514
112628;516;86;516
112630;514;86;514
112632;516;86;516
112634;503;86;503
112636;515;86;515
112638;516;86;516
112640;519;86;519
112642;516;86;516
112644;516;86;516
112646;516;86;516
112648;516;86;516
112650;515;86;515
112652;515;86;515
112654;517;86;517
112656;515;86;515
112658;516;86;516
112660;517;86;517
112662;517;86;517
112664;517;86;517
112666;517;86;517
112668;516;86;516
112670;517;86;517
112672;517;86;517
112674;516;86;516
112676;517;86;517
112678;517;86;517
112680;516;86;516
112682;498;86;498
112684;516;86;516
112686;517;86;517
112688;517;86;517
112690;516;86;516
112692;519;86;519
112694;520;86;520
112696;521;86;521
112698;522;86;522
112700;522;86;522
112702;523;86;523
112704;525;86;525
112706;526;86;526
112708;526;86;526
112710;525;86;525
112712;524;86;524
112714;522;86;522
112716;524;86;524
112718;522;86;522
112720;525;86;525
112722;526;86;526
112724;524;86;524
112726;525;86;525
112728;525;86;525
112730;524;86;524
112732;523;86;523
112734;521;86;521
112736;522;86;522
112738;521;86;521
112740;505;86;505
112742;518;86;518
112744;518;86;518
112746;520;86;520
112748;521;86;521
112750;520;86;520
112752;522;86;522
112754;518;86;518
112756;519;86;519
112758;516;86;516
112760;518;86;518
112762;515;86;515
112764;514;86;514
112766;513;86;513
112768;512;86;512
112770;511;86;511
112772;493;86;493
112774;510;86;510
112776;508;86;508
112778;509;86;509
112780;511;86;511
112782;510;86;510
112784;509;86;509
112786;506;86;506
112788;509;86;509
112790;511;86;511
112792;511;86;511
112794;509;86;509
112796;510;86;510
112798;510;86;510
112800;511;86;511
112802;511;86;511
112804;511;86;511
112806;511;86;511
112808;512;86;512
112810;511;86;511
112812;510;86;510
112814;513;86;513
112816;513;86;513
112818;512;86;512
112820;506;86;506
112822;510;83;510
112824;510;83;510
112826;509;83;509
112828;514;83;514
112830;518;83;518
112832;520;83;520
112834;526;83;526
112836;537;83;537
112838;546;83;546
112840;558;83;558
112842;571;83;571
112844;581;83;581
112846;588;83;588
112848;594;83;594
112850;599;83;599
112852;599;83;599
112854;595;83;595
112856;590;83;590
112858;582;83;582
112860;571;83;571
112862;559;83;559
112864;537;83;537
112866;507;83;507
112868;476;83;476
112870;450;83;450
112872;427;83;427
112874;418;83;418
112876;420;83;420
112878;428;83;428
112880;438;83;438
112882;451;83;451
112884;462;83;462
112886;473;83;473
112888;484;83;484
112890;492;83;492
112892;499;83;499
112894;505;83;505
112896;510;83;510
112898;511;83;511
112900;514;83;514
112902;515;83;515
112904;517;83;517
112906;517;83;517
112908;517;83;517
112910;516;83;516
112912;517;83;517
112914;517;83;517
112916;518;83;518
112918;518;83;518
112920;519;83;519
112922;518;83;518
112924;518;83;518
112926;519;83;519
112928;521;83;521
112930;519;83;519
112932;521;83;521
112934;520;83;520
112936;519;83;519
112938;520;83;520
112940;522;83;522
112942;521;83;521
112944;520;83;520
112946;520;83;520
112948;522;83;522
112950;522;83;522
112952;522;83;522
112954;522;83;522
112956;521;83;521
112958;523;83;523
112960;523;83;523
112962;522;83;522
112964;522;83;522
112966;522;83;522
112968;523;83;523
112970;510;83;510
112972;522;83;522
112974;524;83;524
112976;524;83;524
112978;524;83;524
112980;524;83;524
112982;526;83;526
112984;525;83;525
112986;526;83;526
112988;526;83;526
112990;526;83;526
112992;527;83;527
112994;526;83;526
112996;527;83;527
112998;527;83;527
113000;517;83;517
113002;530;83;530
113004;532;83;532
113006;529;83;529
113008;530;83;530
113010;529;83;529
113012;530;83;530
113014;530;83;530
113016;531;83;531
113018;533;83;533
113020;532;83;532
113022;533;83;533
113024;535;83;535
113026;534;83;534
113028;532;83;532
113030;535;83;535
113032;535;83;535
113034;536;83;536
113036;536;83;536
113038;530;83;530
113040;535;83;535
113042;536;83;536
113044;536;83;536
113046;535;83;535
113048;535;83;535
113050;534;83;534
113052;536;83;536
113054;534;83;534
113056;534;83;534
113058;535;83;535
113060;536;83;536
113062;533;83;533
113064;531;83;531
113066;532;83;532
113068;530;83;530
113070;533;83;533
113072;530;83;530
113074;529;83;529
113076;529;83;529
113078;529;83;529
113080;527;83;527
113082;527;83;527
113084;526;83;526
113086;524;83;524
113088;527;83;527
113090;524;83;524
113092;524;83;524
113094;523;83;523
113096;522;83;522
113098;521;83;521
113100;520;83;520
113102;520;83;520
113104;519;83;519
113106;518;83;518
113108;517;83;517
113110;515;83;515
113112;515;83;515
113114;515;83;515
113116;516;83;516
113118;513;83;513
113120;511;83;511
113122;513;83;513
113124;513;83;513
113126;512;83;512
113128;510;83;510
113130;511;83;511
113132;510;83;510
113134;511;83;511
113136;509;83;509
113138;507;83;507
113140;508;83;508
113142;508;83;508
113144;508;83;508
113146;496;83;496
113148;508;83;508
113150;504;83;504
113152;504;83;504
113154;508;83;508
113156;508;83;508
113158;508;83;508
113160;508;83;508
113162;501;83;501
113164;509;83;509
113166;508;83;508
113168;509;83;509
113170;509;83;509
113172;510;83;510
113174;508;83;508
113176;511;83;511
113178;510;83;510
113180;512;83;512
113182;511;83;511
113184;512;83;512
113186;511;83;511
113188;511;83;511
113190;510;83;510
113192;511;83;511
113194;512;83;512
113196;513;83;513
113198;513;83;513
113200;511;83;511
113202;513;83;513
113204;513;83;513
113206;514;83;514
113208;514;83;514
113210;513;83;513
113212;514;83;514
113214;514;83;514
113216;516;83;516
113218;516;83;516
113220;517;83;517
113222;501;83;501
113224;515;83;515
113226;516;83;516
113228;516;83;516
113230;515;83;515
113232;516;83;516
113234;515;83;515
113236;511;83;511
113238;517;83;517
113240;518;83;518
113242;516;83;516
113244;518;83;518
113246;517;83;517
113248;516;83;516
113250;516;83;516
113252;516;83;516
113254;517;83;517
113256;516;83;516
113258;516;83;516
113260;517;83;517
113262;515;83;515
113264;516;83;516
113266;516;83;516
113268;515;83;515
113270;516;83;516
113272;513;83;513
113274;516;83;516
113276;516;83;516
113278;516;83;516
113280;517;83;517
113282;515;83;515
113284;513;83;513
113286;514;83;514
113288;514;83;514
113290;515;83;515
113292;516;83;516
113294;514;83;514
113296;515;83;515
113298;515;83;515
113300;513;83;513
113302;514;83;514
113304;515;83;515
113306;516;83;516
113308;515;83;515
113310;516;83;516
113312;515;83;515
113314;515;83;515
113316;515;83;515
113318;515;83;515
113320;515;83;515
113322;514;83;514
113324;514;83;514
113326;514;83;514
113328;513;83;513
113330;496;83;496
113332;515;83;515
113334;514;83;514
113336;515;83;515
113338;515;83;515
113340;515;83;515
113342;515;83;515
113344;515;83;515
113346;515;83;515
113348;516;83;516
113350;514;83;514
113352;514;83;514
113354;514;83;514
113356;516;83;516
113358;502;83;502
113360;517;83;517
113362;516;83;516
113364;516;83;516
113366;516;83;516
113368;515;83;515
113370;515;83;515
113372;517;83;517
113374;516;83;516
113376;516;83;516
113378;515;83;515
113380;515;83;515
113382;515;83;515
113384;515;83;515
113386;516;83;516
113388;516;83;516
113390;517;83;517
113392;516;83;516
113394;517;83;517
113396;520;83;520
113398;519;83;519
113400;522;83;522
113402;521;83;521
113404;522;83;522
113406;516;83;516
113408;523;83;523
113410;524;83;524
113412;526;83;526
113414;525;83;525
113416;525;83;525
113418;521;83;521
113420;524;83;524
113422;523;83;523
113424;512;83;512
113426;523;83;523
113428;521;83;521
113430;524;83;524
113432;526;83;526
113434;526;83;526
113436;526;83;526
113438;525;83;525
113440;525;83;525
113442;523;83;523
113444;511;83;511
113446;519;83;519
113448;520;83;520
113450;518;83;518
113452;512;83;512
113454;518;83;518
113456;519;83;519
113458;522;83;522
113460;520;83;520
113462;517;83;517
113464;517;83;517
113466;516;83;516
113468;515;83;515
113470;513;83;513
113472;513;83;513
113474;513;83;513
113476;510;83;510
113478;510;83;510
113480;510;83;510
113482;508;83;508
113484;510;83;510
113486;511;83;511
113488;510;83;510
113490;507;83;507
113492;509;83;509
113494;509;83;509
113496;509;83;509
113498;509;83;509
113500;510;83;510
113502;510;83;510
113504;510;83;510
113506;512;83;512
113508;510;83;510
113510;511;83;511
113512;513;83;513
113514;512;83;512
113516;512;83;512
113518;513;83;513
113520;514;83;514
113522;514;83;514
113524;514;83;514
113526;513;83;513
113528;511;83;511
113530;512;83;512
113532;513;83;513
113534;517;83;517
113536;519;83;519
113538;522;83;522
113540;530;83;530
113542;538;83;538
113544;549;83;549
113546;561;83;561
113548;576;83;576
113550;582;83;582
113552;595;83;595
113554;599;83;599
113556;601;83;601
113558;601;83;601
113560;598;83;598
113562;593;83;593
113564;574;83;574
113566;576;83;576
113568;564;83;564
113570;539;83;539
113572;504;83;504
113574;466;83;466
113576;441;83;441
113578;423;83;423
113580;416;83;416
113582;421;83;421
113584;427;83;427
113586;442;83;442
113588;456;83;456
113590;475;83;475
113592;487;83;487
113594;495;83;495
113596;500;83;500
113598;504;83;504
113600;509;83;509
113602;511;83;511
113604;512;83;512
113606;513;83;513
113608;512;83;512
113610;514;83;514
113612;513;83;513
113614;514;83;514
113616;515;83;515
113618;516;83;516
113620;516;83;516
113622;517;83;517
113624;516;83;516
113626;517;83;517
113628;515;83;515
113630;516;83;516
113632;517;83;517
113634;518;83;518
113636;510;83;510
113638;518;83;518
113640;517;83;517
113642;518;83;518
113644;518;83;518
113646;517;83;517
113648;518;83;518
113650;517;83;517
113652;520;83;520
113654;519;83;519
113656;519;83;519
113658;521;83;521
113660;507;83;507
113662;519;83;519
113664;520;83;520
113666;521;83;521
113668;521;83;521
113670;521;83;521
113672;521;83;521
113674;520;83;520
113676;522;83;522
113678;523;83;523
113680;521;83;521
113682;524;83;524
113684;522;83;522
113686;524;83;524
113688;524;83;524
113690;526;83;526
113692;524;83;524
113694;528;83;528
113696;526;83;526
113698;528;83;528
113700;527;83;527
113702;528;83;528
113704;527;83;527
113706;529;83;529
113708;528;83;528
113710;531;83;531
113712;530;83;530
113714;531;83;531
113716;530;83;530
113718;527;83;527
113720;533;83;533
113722;532;83;532
113724;521;83;521
113726;535;83;535
113728;535;83;535
113730;530;83;530
113732;536;83;536
113734;537;83;537
113736;529;83;529
113738;538;83;538
113740;536;83;536
113742;539;83;539
113744;536;83;536
113746;537;83;537
113748;536;83;536
113750;539;83;539
113752;538;83;538
113754;538;83;538
113756;537;83;537
113758;538;83;538
113760;536;83;536
113762;537;83;537
113764;537;83;537
113766;537;83;537
113768;534;83;534
113770;534;83;534
113772;533;83;533
113774;534;83;534
113776;532;83;532
113778;531;83;531
113780;532;83;532
113782;529;83;529
113784;529;83;529
113786;526;83;526
113788;526;83;526
113790;527;83;527
113792;525;83;525
113794;525;83;525
113796;522;83;522
113798;523;83;523
113800;523;83;523
113802;521;83;521
113804;521;83;521
113806;520;83;520
113808;518;83;518
113810;518;83;518
113812;516;83;516
113814;517;83;517
113816;516;83;516
113818;514;83;514
113820;514;83;514
113822;512;83;512
113824;501;83;501
113826;512;83;512
113828;509;83;509
113830;510;83;510
113832;511;83;511
113834;510;83;510
113836;508;83;508
113838;508;83;508
113840;510;83;510
113842;506;83;506
113844;506;83;506
113846;508;83;508
113848;505;83;505
113850;504;83;504
113852;505;83;505
113854;505;83;505
113856;506;83;506
113858;507;83;507
113860;507;83;507
113862;507;83;507
113864;506;83;506
113866;506;83;506
113868;505;83;505
113870;506;83;506
113872;504;83;504
113874;506;83;506
113876;508;83;508
113878;508;83;508
113880;509;83;509
113882;508;83;508
113884;509;83;509
113886;508;83;508
113888;509;83;509
113890;509;83;509
113892;511;83;511
113894;508;83;508
113896;511;83;511
113898;512;83;512
113900;511;83;511
113902;512;83;512
113904;513;83;513
113906;511;83;511
113908;513;83;513
113910;512;83;512
113912;513;83;513
113914;513;83;513
113916;514;83;514
113918;513;83;513
113920;502;83;502
113922;512;83;512
113924;513;83;513
113926;513;83;513
113928;515;83;515
113930;516;83;516
113932;513;83;513
113934;514;83;514
113936;514;83;514
113938;516;83;516
113940;517;83;517
113942;514;83;514
113944;501;83;501
113946;514;83;514
113948;516;83;516
113950;516;83;516
113952;517;83;517
113954;515;83;515
113956;515;83;515
113958;516;83;516
113960;516;83;516
113962;515;83;515
113964;516;83;516
113966;515;83;515
113968;516;83;516
113970;516;83;516
113972;516;83;516
113974;515;83;515
113976;516;83;516
113978;515;83;515
113980;516;83;516
113982;515;83;515
113984;515;83;515
113986;516;83;516
113988;516;83;516
113990;516;83;516
113992;514;83;514
113994;513;83;513
113996;514;83;514
113998;516;83;516
114000;515;83;515
114002;516;83;516
114004;516;83;516
114006;514;83;514
114008;515;83;515
114010;514;83;514
114012;514;83;514
114014;515;83;515
114016;515;83;515
114018;515;83;515
114020;515;83;515
114022;515;83;515
114024;514;83;514
114026;515;83;515
114028;516;83;516
114030;514;83;514
114032;517;83;517
114034;514;83;514
114036;514;83;514
114038;515;83;515
114040;515;83;515
114042;515;83;515
114044;514;83;514
114046;516;83;516
114048;516;83;516
114050;516;83;516
114052;504;83;504
114054;514;83;514
114056;513;83;513
114058;514;83;514
114060;515;83;515
114062;517;83;517
114064;517;83;517
114066;516;83;516
114068;516;83;516
114070;515;83;515
114072;517;83;517
114074;514;83;514
114076;516;83;516
114078;515;83;515
114080;516;83;516
114082;516;83;516
114084;516;83;516
114086;516;83;516
114088;516;83;516
114090;516;83;516
114092;518;83;518
114094;517;83;517
114096;517;83;517
114098;517;83;517
114100;517;83;517
114102;518;83;518
114104;517;83;517
114106;519;83;519
114108;520;83;520
114110;522;83;522
114112;520;83;520
114114;523;83;523
114116;523;83;523
114118;525;83;525
114120;525;83;525
114122;523;83;523
114124;524;83;524
114126;522;83;522
114128;524;83;524
114130;523;83;523
114132;523;83;523
114134;523;83;523
114136;524;83;524
114138;526;83;526
114140;525;83;525
114142;526;83;526
114144;524;83;524
114146;524;83;524
114148;522;83;522
114150;521;83;521
114152;522;83;522
114154;520;83;520
114156;520;83;520
114158;519;83;519
114160;519;83;519
114162;518;83;518
114164;518;83;518
114166;519;83;519
114168;521;83;521
114170;521;83;521
114172;519;83;519
114174;518;83;518
114176;517;83;517
114178;516;83;516
114180;515;83;515
114182;515;83;515
114184;511;83;511
114186;510;83;510
114188;509;83;509
114190;498;83;498
114192;508;83;508
114194;507;83;507
114196;508;83;508
114198;508;83;508
114200;508;83;508
114202;509;83;509
114204;510;83;510
114206;510;83;510
114208;509;83;509
114210;510;83;510
114212;509;83;509
114214;509;83;509
114216;509;83;509
114218;511;83;511
114220;513;83;513
114222;512;83;512
114224;511;83;511
114226;511;83;511
114228;512;83;512
114230;512;83;512
114232;513;83;513
114234;513;83;513
114236;514;83;514
114238;512;83;512
114240;510;83;510
114242;512;83;512
114244;514;83;514
114246;516;83;516
114248;521;83;521
114250;525;83;525
114252;535;83;535
114254;549;83;549
114256;560;83;560
114258;572;83;572
114260;582;83;582
114262;595;83;595
114264;603;83;603
114266;606;83;606
114268;610;83;610
114270;609;83;609
114272;584;83;584
114274;591;83;591
114276;585;83;585
114278;569;83;569
114280;549;83;549
114282;514;83;514
114284;474;83;474
114286;446;83;446
114288;424;83;424
114290;415;83;415
114292;419;83;419
114294;411;83;411
114296;440;83;440
114298;456;83;456
114300;473;83;473
114302;484;83;484
114304;492;83;492
114306;496;83;496
114308;502;83;502
114310;505;83;505
114312;507;83;507
114314;508;83;508
114316;510;83;510
114318;510;83;510
114320;511;83;511
114322;512;83;512
114324;511;83;511
114326;512;83;512
114328;509;83;509
114330;512;83;512
114332;511;83;511
114334;512;83;512
114336;513;83;513
114338;515;83;515
114340;517;83;517
114342;500;83;500
114344;514;83;514
114346;513;83;513
114348;516;83;516
114350;516;83;516
114352;515;83;515
114354;517;83;517
114356;516;83;516
114358;517;83;517
114360;517;83;517
114362;498;83;498
114364;518;83;518
114366;518;83;518
114368;518;83;518
114370;518;83;518
114372;518;83;518
114374;518;83;518
114376;519;83;519
114378;514;83;514
114380;519;83;519
114382;520;83;520
114384;518;83;518
114386;521;83;521
114388;521;83;521
114390;521;83;521
114392;523;83;523
114394;522;83;522
114396;523;83;523
114398;522;83;522
114400;522;83;522
114402;526;83;526
114404;523;83;523
114406;522;83;522
114408;524;83;524
114410;525;83;525
114412;524;83;524
114414;526;83;526
114416;526;83;526
114418;527;83;527
114420;529;83;529
114422;529;83;529
114424;530;83;530
114426;530;83;530
114428;530;83;530
114430;530;83;530
114432;531;83;531
114434;533;83;533
114436;533;83;533
114438;534;83;534
114440;536;83;536
114442;535;83;535
114444;535;83;535
114446;535;83;535
114448;536;83;536
114450;537;83;537
114452;535;83;535
114454;537;83;537
114456;538;83;538
114458;537;83;537
114460;538;83;538
114462;539;83;539
114464;537;83;537
114466;528;83;528
114468;537;83;537
114470;539;83;539
114472;536;83;536
114474;535;83;535
114476;533;83;533
114478;533;83;533
114480;535;83;535
114482;534;83;534
114484;532;83;532
114486;533;83;533
114488;531;83;531
114490;531;83;531
114492;531;83;531
114494;530;83;530
114496;528;83;528
114498;527;83;527
114500;526;83;526
114502;523;83;523
114504;524;83;524
114506;524;83;524
114508;509;83;509
114510;521;83;521
114512;522;83;522
114514;522;83;522
114516;520;83;520
114518;520;83;520
114520;520;83;520
114522;519;83;519
114524;516;83;516
114526;514;83;514
114528;515;83;515
114530;515;83;515
114532;513;83;513
114534;514;83;514
114536;512;83;512
114538;512;83;512
114540;509;83;509
114542;510;83;510
114544;510;83;510
114546;510;83;510
114548;509;83;509
114550;502;83;502
114552;506;83;506
114554;506;83;506
114556;507;83;507
114558;507;83;507
114560;506;83;506
114562;505;83;505
114564;506;83;506
114566;505;83;505
114568;506;83;506
114570;507;83;507
114572;506;83;506
114574;506;83;506
114576;506;83;506
114578;505;83;505
114580;506;83;506
114582;507;83;507
114584;509;83;509
114586;505;83;505
114588;507;83;507
114590;506;83;506
114592;509;83;509
114594;509;83;509
114596;510;83;510
114598;512;83;512
114600;511;83;511
114602;511;83;511
114604;510;83;510
114606;509;83;509
114608;511;83;511
114610;513;83;513
114612;511;83;511
114614;513;83;513
114616;512;83;512
114618;513;83;513
114620;514;83;514
114622;513;83;513
114624;512;83;512
114626;511;83;511
114628;512;83;512
114630;514;83;514
114632;497;83;497
114634;514;83;514
114636;514;83;514
114638;515;83;515
114640;516;83;516
114642;515;83;515
114644;514;83;514
114646;516;83;516
114648;514;83;514
114650;515;83;515
114652;516;83;516
114654;515;83;515
114656;516;83;516
114658;515;83;515
114660;515;83;515
114662;513;83;513
114664;510;83;510
114666;511;83;511
114668;514;83;514
114670;498;83;498
114672;515;83;515
114674;516;83;516
114676;515;83;515
114678;516;83;516
114680;515;83;515
114682;515;83;515
114684;515;83;515
114686;514;83;514
114688;516;83;516
114690;514;83;514
114692;514;83;514
114694;513;83;513
114696;502;83;502
114698;516;83;516
114700;514;83;514
114702;507;83;507
114704;511;83;511
114706;514;83;514
114708;513;83;513
114710;514;83;514
114712;514;83;514
114714;514;83;514
114716;515;83;515
114718;515;83;515
114720;514;83;514
114722;514;83;514
114724;516;83;516
114726;514;83;514
114728;513;83;513
114730;512;83;512
114732;511;83;511
114734;513;83;513
114736;514;83;514
114738;515;83;515
114740;514;83;514
114742;514;83;514
114744;515;83;515
114746;514;83;514
114748;516;83;516
114750;515;83;515
114752;514;83;514
114754;515;83;515
114756;513;83;513
114758;514;83;514
114760;515;83;515
114762;514;83;514
114764;514;83;514
114766;515;83;515
114768;515;83;515
114770;514;83;514
114772;515;83;515
114774;514;83;514
114776;514;83;514
114778;498;83;498
114780;515;83;515
114782;514;83;514
114784;516;83;516
114786;517;83;517
114788;515;83;515
114790;515;83;515
114792;514;83;514
114794;514;83;514
114796;518;83;518
114798;517;83;517
114800;514;83;514
114802;517;83;517
114804;514;83;514
114806;516;83;516
114808;516;83;516
114810;517;83;517
114812;515;83;515
114814;517;83;517
114816;516;83;516
114818;518;83;518
114820;519;83;519
114822;519;83;519
114824;519;83;519
114826;516;83;516
114828;519;83;519
114830;519;83;519
114832;520;83;520
114834;522;83;522
114836;525;83;525
114838;523;83;523
114840;525;83;525
114842;522;83;522
114844;524;83;524
114846;523;83;523
114848;524;83;524
114850;523;83;523
114852;523;83;523
114854;524;83;524
114856;523;83;523
114858;525;83;525
114860;525;83;525
114862;524;83;524
114864;524;83;524
114866;522;83;522
114868;521;83;521
114870;520;83;520
114872;519;83;519
114874;519;83;519
114876;519;83;519
114878;518;83;518
114880;518;83;518
114882;514;83;514
114884;519;83;519
114886;519;83;519
114888;517;83;517
114890;515;83;515
114892;517;83;517
114894;516;83;516
114896;514;83;514
114898;513;83;513
114900;513;83;513
114902;513;83;513
114904;512;83;512
114906;510;83;510
114908;509;83;509
114910;510;83;510
114912;508;83;508
114914;510;83;510
114916;508;83;508
114918;509;83;509
114920;509;83;509
114922;509;83;509
114924;510;83;510
114926;510;83;510
114928;510;83;510
114930;511;83;511
114932;511;83;511
114934;510;83;510
114936;512;83;512
114938;510;83;510
114940;513;83;513
114942;513;83;513
114944;512;83;512
114946;512;83;512
114948;513;83;513
114950;512;83;512
114952;511;83;511
114954;510;83;510
114956;512;83;512
114958;513;83;513
114960;515;83;515
114962;518;83;518
114964;523;83;523
114966;524;83;524
114968;535;83;535
114970;544;83;544
114972;553;83;553
114974;567;83;567
114976;581;83;581
114978;588;83;588
114980;593;83;593
114982;598;83;598
114984;594;83;594
114986;595;83;595
114988;588;83;588
114990;580;83;580
114992;569;83;569
114994;559;83;559
114996;546;83;546
114998;519;83;519
115000;492;83;492
